TRANSACTION_ID,DATE,AMOUNT,CURRENCY,CATEGORY,SUBCATEGORY,MERCHANT,PAYMENT_METHOD,NECESSITY_FLAG,LOCATION,NOTES,USER_TAG,YEAR,MONTH,YEAR_MONTH,WEEKDAY,IS_WEEKEND,ABS_AMOUNT,MONTHLY_TOTAL,CATEGORY_MONTHLY_TOTAL,CATEGORY_SHARE,WEEKLY_TOTAL,ROLLING_30D_SPEND,IS_HIGH_VALUE_TXN,OUTLIER_FLAG,OUTLIER_REASON
TXN0498,2025-05-01,11.81,CNY,Food & Beverage,Coffee,Mixue,Card,Non-essential,Off Campus,,,2025,5,2025-05,Thursday,False,11.81,2792.78,584.63,0.2093362169594454,665.32,11.81,False,False,
TXN0212,2025-05-01,63.65,CNY,Shopping,Clothing,Muji,Cash,Non-essential,Online,,,2025,5,2025-05,Thursday,False,63.65,2792.78,1108.86,0.39704523807818737,665.32,75.46,False,False,
TXN0071,2025-05-02,24.8,CNY,Health,Clinic,Campus Clinic,E-wallet,Necessary,Off Campus,,,2025,5,2025-05,Friday,False,24.8,2792.78,24.8,0.008880040676315355,665.32,100.26,False,False,
TXN0242,2025-05-02,15.0,CNY,Transport,Ride,Tng Reload,Card,Necessary,Online,,,2025,5,2025-05,Friday,False,15.0,2792.78,164.47,0.05889114072716074,665.32,115.26,False,False,
TXN0043,2025-05-03,39.52,CNY,Transport,Ride,Tng Reload,E-wallet,Necessary,Off Campus,,,2025,5,2025-05,Saturday,True,39.52,2792.78,164.47,0.05889114072716074,665.32,154.78,False,False,
TXN0065,2025-05-03,79.15,CNY,Groceries,Supermarket,Aeon,E-wallet,Necessary,Online,,,2025,5,2025-05,Saturday,True,79.15,2792.78,444.61,0.15919979375389395,665.32,233.93,False,False,
TXN0053,2025-05-03,10.64,CNY,Food & Beverage,Coffee,Mcdonalds,E-wallet,Non-essential,On Campus,,,2025,5,2025-05,Saturday,True,10.64,2792.78,584.63,0.2093362169594454,665.32,244.57,False,False,
TXN0427,2025-05-03,38.64,CNY,Food & Beverage,Coffee,Campus Cafe,E-wallet,Non-essential,On Campus,,,2025,5,2025-05,Saturday,True,38.64,2792.78,584.63,0.2093362169594454,665.32,283.21000000000004,False,False,
TXN0117,2025-05-03,76.43,CNY,Entertainment,Movie,Spotify,Cash,Non-essential,On Campus,,,2025,5,2025-05,Saturday,True,76.43,2792.78,340.69,0.12198955879088219,665.32,359.64,False,False,
TXN0219,2025-05-03,252.47,CNY,Shopping,Clothing,Muji,E-wallet,Non-essential,On Campus,,,2025,5,2025-05,Saturday,True,252.47,2792.78,1108.86,0.39704523807818737,665.32,612.11,True,False,
TXN0161,2025-05-04,22.3,CNY,Transport,Ride,Mrt,Card,Necessary,Off Campus,,,2025,5,2025-05,Sunday,True,22.3,2792.78,164.47,0.05889114072716074,665.32,634.41,False,False,
TXN0165,2025-05-04,30.91,CNY,Food & Beverage,Coffee,Mixue,Card,Non-essential,On Campus,,,2025,5,2025-05,Sunday,True,30.91,2792.78,584.63,0.2093362169594454,665.32,665.32,False,False,
TXN0077,2025-05-06,7.16,CNY,Food & Beverage,Coffee,Foodpanda,Cash,Non-essential,On Campus,,,2025,5,2025-05,Tuesday,False,7.16,2792.78,584.63,0.2093362169594454,769.56,672.48,False,False,
TXN0386,2025-05-06,14.76,CNY,Food & Beverage,Coffee,Campus Cafe,Cash,Non-essential,On Campus,,,2025,5,2025-05,Tuesday,False,14.76,2792.78,584.63,0.2093362169594454,769.56,687.24,False,False,
TXN0449,2025-05-06,24.99,CNY,Food & Beverage,Coffee,Campus Cafe,Card,Non-essential,On Campus,,,2025,5,2025-05,Tuesday,False,24.99,2792.78,584.63,0.2093362169594454,769.56,712.23,False,False,
TXN0375,2025-05-07,39.98,CNY,Transport,Ride,Grab,Card,Necessary,Off Campus,,,2025,5,2025-05,Wednesday,False,39.98,2792.78,164.47,0.05889114072716074,769.56,752.21,False,False,
TXN0248,2025-05-09,18.06,CNY,Food & Beverage,Coffee,Campus Cafe,E-wallet,Non-essential,On Campus,,,2025,5,2025-05,Friday,False,18.06,2792.78,584.63,0.2093362169594454,769.56,770.27,False,False,
TXN0160,2025-05-09,81.27,CNY,Bills,Phone,Unifi,E-wallet,Necessary,Off Campus,,,2025,5,2025-05,Friday,False,81.27,2792.78,124.72,0.044658011014114964,769.56,851.54,False,False,
TXN0372,2025-05-09,75.18,CNY,Entertainment,Movie,Steam,E-wallet,Non-essential,On Campus,,,2025,5,2025-05,Friday,False,75.18,2792.78,340.69,0.12198955879088219,769.56,926.72,False,False,
TXN0423,2025-05-10,16.57,CNY,Food & Beverage,Coffee,Mixue,E-wallet,Non-essential,On Campus,,,2025,5,2025-05,Saturday,True,16.57,2792.78,584.63,0.2093362169594454,769.56,943.29,False,False,
TXN0146,2025-05-11,228.05,CNY,Shopping,Clothing,Apple Reseller,Card,Non-essential,Online,,,2025,5,2025-05,Sunday,True,228.05,2792.78,1108.86,0.39704523807818737,769.56,1171.3400000000001,True,False,
TXN0413,2025-05-11,263.54,CNY,Shopping,Clothing,Muji,E-wallet,Non-essential,Off Campus,,,2025,5,2025-05,Sunday,True,263.54,2792.78,1108.86,0.39704523807818737,769.56,1434.88,True,False,
TXN0014,2025-05-12,43.45,CNY,Bills,Phone,Maxis,Card,Necessary,On Campus,,,2025,5,2025-05,Monday,False,43.45,2792.78,124.72,0.044658011014114964,814.42,1478.3300000000002,False,False,
TXN0269,2025-05-12,134.39,CNY,Groceries,Supermarket,Aeon,Card,Necessary,Off Campus,,,2025,5,2025-05,Monday,False,134.39,2792.78,444.61,0.15919979375389395,814.42,1612.72,False,False,
TXN0492,2025-05-12,113.04,CNY,Groceries,Supermarket,Tesco,E-wallet,Necessary,Off Campus,,,2025,5,2025-05,Monday,False,113.04,2792.78,444.61,0.15919979375389395,814.42,1725.76,False,False,
TXN0061,2025-05-13,227.13,CNY,Shopping,Clothing,Uniqlo,Cash,Non-essential,Off Campus,,,2025,5,2025-05,Tuesday,False,227.13,2792.78,1108.86,0.39704523807818737,814.42,1952.89,True,False,
TXN0262,2025-05-13,35.96,CNY,Food & Beverage,Coffee,Mcdonalds,E-wallet,Non-essential,On Campus,,,2025,5,2025-05,Tuesday,False,35.96,2792.78,584.63,0.2093362169594454,814.42,1988.8500000000001,False,False,
TXN0501,2025-05-13,8.59,CNY,Food & Beverage,Coffee,Campus Cafe,E-wallet,Non-essential,Online,,,2025,5,2025-05,Tuesday,False,8.59,2792.78,584.63,0.2093362169594454,814.42,1997.44,False,False,
TXN0331,2025-05-14,76.41,CNY,Groceries,Supermarket,Jaya Grocer,E-wallet,Necessary,Online,,,2025,5,2025-05,Wednesday,False,76.41,2792.78,444.61,0.15919979375389395,814.42,2073.85,False,False,
TXN0323,2025-05-14,55.42,CNY,Entertainment,Movie,Steam,Card,Non-essential,Off Campus,,,2025,5,2025-05,Wednesday,False,55.42,2792.78,340.69,0.12198955879088219,814.42,2129.27,False,False,
TXN0201,2025-05-15,32.85,CNY,Food & Beverage,Coffee,Mcdonalds,Cash,Non-essential,Online,,,2025,5,2025-05,Thursday,False,32.85,2792.78,584.63,0.2093362169594454,814.42,2162.12,False,False,
TXN0296,2025-05-15,29.91,CNY,Food & Beverage,Coffee,Starbucks,Card,Non-essential,On Campus,,,2025,5,2025-05,Thursday,False,29.91,2792.78,584.63,0.2093362169594454,814.42,2192.03,False,False,
TXN0075,2025-05-16,57.27,CNY,Entertainment,Movie,Netflix,E-wallet,Non-essential,On Campus,,,2025,5,2025-05,Friday,False,57.27,2792.78,340.69,0.12198955879088219,814.42,2249.3,False,False,
TXN0151,2025-05-19,33.96,CNY,Food & Beverage,Coffee,Mixue,Card,Non-essential,Off Campus,,,2025,5,2025-05,Monday,False,33.96,2792.78,584.63,0.2093362169594454,352.32,2283.26,False,False,
TXN0376,2025-05-19,35.76,CNY,Food & Beverage,Coffee,Mixue,Card,Non-essential,Online,,,2025,5,2025-05,Monday,False,35.76,2792.78,584.63,0.2093362169594454,352.32,2319.02,False,False,
TXN0181,2025-05-20,74.02,CNY,Shopping,Clothing,Apple Reseller,E-wallet,Non-essential,Off Campus,,,2025,5,2025-05,Tuesday,False,74.02,2792.78,1108.86,0.39704523807818737,352.32,2393.04,False,False,
TXN0357,2025-05-23,40.37,CNY,Entertainment,Movie,Steam,Card,Non-essential,On Campus,,,2025,5,2025-05,Friday,False,40.37,2792.78,340.69,0.12198955879088219,352.32,2433.41,False,False,
TXN0129,2025-05-23,31.08,CNY,Food & Beverage,Coffee,Mixue,Card,Non-essential,Off Campus,,,2025,5,2025-05,Friday,False,31.08,2792.78,584.63,0.2093362169594454,352.32,2464.4900000000002,False,False,
TXN0319,2025-05-23,37.86,CNY,Transport,Ride,Mrt,E-wallet,Necessary,On Campus,,,2025,5,2025-05,Friday,False,37.86,2792.78,164.47,0.05889114072716074,352.32,2502.35,False,False,
TXN0057,2025-05-23,19.34,CNY,Food & Beverage,Coffee,Starbucks,Card,Non-essential,Off Campus,,,2025,5,2025-05,Friday,False,19.34,2792.78,584.63,0.2093362169594454,352.32,2521.69,False,False,
TXN0264,2025-05-24,41.62,CNY,Groceries,Supermarket,Aeon,E-wallet,Necessary,Off Campus,,,2025,5,2025-05,Saturday,True,41.62,2792.78,444.61,0.15919979375389395,352.32,2563.31,False,False,
TXN0428,2025-05-25,38.31,CNY,Food & Beverage,Coffee,Foodpanda,Card,Non-essential,Off Campus,,,2025,5,2025-05,Sunday,True,38.31,2792.78,584.63,0.2093362169594454,352.32,2601.62,False,False,
TXN0436,2025-05-27,37.72,CNY,Food & Beverage,Coffee,Mcdonalds,Card,Non-essential,On Campus,,,2025,5,2025-05,Tuesday,False,37.72,2792.78,584.63,0.2093362169594454,345.84,2639.34,False,False,
TXN0364,2025-05-27,22.64,CNY,Food & Beverage,Coffee,Starbucks,E-wallet,Non-essential,Off Campus,,,2025,5,2025-05,Tuesday,False,22.64,2792.78,584.63,0.2093362169594454,345.84,2661.98,False,False,
TXN0007,2025-05-28,9.81,CNY,Transport,Ride,Rapidkl,Card,Necessary,On Campus,,,2025,5,2025-05,Wednesday,False,9.81,2792.78,164.47,0.05889114072716074,345.84,2671.79,False,False,
TXN0330,2025-05-28,29.77,CNY,Food & Beverage,Coffee,Mcdonalds,Card,Non-essential,Online,,,2025,5,2025-05,Wednesday,False,29.77,2792.78,584.63,0.2093362169594454,345.84,2701.56,False,False,
TXN0509,2025-05-30,36.02,CNY,Entertainment,Movie,Steam,E-wallet,Non-essential,Online,,,2025,5,2025-05,Friday,False,36.02,2792.78,340.69,0.12198955879088219,345.84,2737.58,False,False,
TXN0169,2025-05-30,33.26,CNY,Food & Beverage,Coffee,Mcdonalds,Card,Non-essential,Off Campus,,,2025,5,2025-05,Friday,False,33.26,2792.78,584.63,0.2093362169594454,345.84,2770.84,False,False,
TXN0424,2025-05-30,21.94,CNY,Food & Beverage,Coffee,Starbucks,Card,Non-essential,Off Campus,,,2025,5,2025-05,Friday,False,21.94,2792.78,584.63,0.2093362169594454,345.84,2792.78,False,False,
TXN0299,2025-06-01,154.68,CNY,Shopping,Clothing,Apple Reseller,Card,Non-essential,On Campus,,,2025,6,2025-06,Sunday,True,154.68,1980.42,960.94,0.48522030680360734,345.84,2832.2,True,False,
TXN0141,2025-06-02,33.18,CNY,Food & Beverage,Coffee,Mixue,Cash,Non-essential,Online,,,2025,6,2025-06,Monday,False,33.18,1980.42,245.04,0.12373132971793861,292.62,2368.5299999999997,False,False,
TXN0300,2025-06-05,34.45,CNY,Transport,Ride,Grab,E-wallet,Necessary,Online,,,2025,6,2025-06,Thursday,False,34.45,1980.42,137.53,0.06944486523060765,292.62,2302.86,False,False,
TXN0441,2025-06-05,9.1,CNY,Food & Beverage,Coffee,Starbucks,E-wallet,Non-essential,Off Campus,,,2025,6,2025-06,Thursday,False,9.1,1980.42,245.04,0.12373132971793861,292.62,2311.96,False,False,
TXN0164,2025-06-06,22.7,CNY,Food & Beverage,Coffee,Foodpanda,Card,Non-essential,On Campus,,,2025,6,2025-06,Friday,False,22.7,1980.42,245.04,0.12373132971793861,292.62,2294.68,False,False,
TXN0381,2025-06-06,12.91,CNY,Transport,Ride,Tng Reload,E-wallet,Necessary,On Campus,,,2025,6,2025-06,Friday,False,12.91,1980.42,137.53,0.06944486523060765,292.62,2307.59,False,False,
TXN0221,2025-06-07,132.19,CNY,Shopping,Clothing,Apple Reseller,Card,Non-essential,Off Campus,,,2025,6,2025-06,Saturday,True,132.19,1980.42,960.94,0.48522030680360734,292.62,2439.78,False,False,
TXN0132,2025-06-07,40.51,CNY,Transport,Ride,Grab,Cash,Necessary,On Campus,,,2025,6,2025-06,Saturday,True,40.51,1980.42,137.53,0.06944486523060765,292.62,2480.29,False,False,
TXN0351,2025-06-08,7.58,CNY,Food & Beverage,Coffee,Mcdonalds,Card,Non-essential,Off Campus,,,2025,6,2025-06,Sunday,True,7.58,1980.42,245.04,0.12373132971793861,292.62,2313.36,False,False,
TXN0454,2025-06-10,34.28,CNY,Food & Beverage,Coffee,Foodpanda,Card,Non-essential,Off Campus,,,2025,6,2025-06,Tuesday,False,34.28,1980.42,245.04,0.12373132971793861,619.64,1839.48,False,False,
TXN0112,2025-06-11,256.36,CNY,Shopping,Clothing,Shopee,Card,Non-essential,Off Campus,,,2025,6,2025-06,Wednesday,False,256.36,1980.42,960.94,0.48522030680360734,619.64,1804.96,True,False,
TXN0366,2025-06-12,7.52,CNY,Food & Beverage,Coffee,Starbucks,Card,Non-essential,On Campus,,,2025,6,2025-06,Thursday,False,7.52,1980.42,245.04,0.12373132971793861,619.64,1540.8,False,False,
TXN0207,2025-06-13,132.85,CNY,Shopping,Clothing,Apple Reseller,Card,Non-essential,On Campus,,,2025,6,2025-06,Friday,False,132.85,1980.42,960.94,0.48522030680360734,619.64,1541.8200000000002,False,False,
TXN0172,2025-06-14,46.14,CNY,Entertainment,Movie,Steam,Card,Non-essential,On Campus,,,2025,6,2025-06,Saturday,True,46.14,1980.42,46.14,0.02329808828430333,619.64,1525.2,False,False,
TXN0411,2025-06-14,24.87,CNY,Groceries,Supermarket,Jaya Grocer,Card,Necessary,Off Campus,,,2025,6,2025-06,Saturday,True,24.87,1980.42,143.37,0.07239373466234435,619.64,1550.0700000000002,False,False,
TXN0114,2025-06-15,117.62,CNY,Health,Clinic,Campus Clinic,Card,Necessary,Online,,,2025,6,2025-06,Sunday,True,117.62,1980.42,131.41,0.06635461164803425,619.64,1610.42,False,False,
TXN0280,2025-06-16,32.68,CNY,Transport,Ride,Grab,E-wallet,Necessary,Off Campus,,,2025,6,2025-06,Monday,False,32.68,1980.42,137.53,0.06944486523060765,551.93,1643.1000000000001,False,False,
TXN0257,2025-06-16,176.51,CNY,Bills,Phone,Unifi,E-wallet,Necessary,Online,,,2025,6,2025-06,Monday,False,176.51,1980.42,315.99,0.15955706365316447,551.93,1819.6100000000001,True,False,
TXN0015,2025-06-16,180.78,CNY,Shopping,Clothing,Muji,Card,Non-essential,Online,,,2025,6,2025-06,Monday,False,180.78,1980.42,960.94,0.48522030680360734,551.93,2000.39,True,False,
TXN0173,2025-06-18,104.08,CNY,Shopping,Clothing,Apple Reseller,Card,Non-essential,On Campus,,,2025,6,2025-06,Wednesday,False,104.08,1980.42,960.94,0.48522030680360734,551.93,2034.75,False,False,
TXN0434,2025-06-18,7.51,CNY,Food & Beverage,Coffee,Mixue,E-wallet,Non-essential,Online,,,2025,6,2025-06,Wednesday,False,7.51,1980.42,245.04,0.12373132971793861,551.93,2042.26,False,False,
TXN0041,2025-06-18,36.58,CNY,Food & Beverage,Coffee,Mixue,Card,Non-essential,Online,,,2025,6,2025-06,Wednesday,False,36.58,1980.42,245.04,0.12373132971793861,551.93,2078.84,False,False,
TXN0148,2025-06-22,13.79,CNY,Health,Clinic,Guardian,E-wallet,Necessary,Off Campus,,,2025,6,2025-06,Sunday,True,13.79,1980.42,131.41,0.06635461164803425,551.93,1889.96,False,False,
TXN0374,2025-06-23,16.98,CNY,Transport,Ride,Grab,Card,Necessary,Online,,,2025,6,2025-06,Monday,False,16.98,1980.42,137.53,0.06944486523060765,308.51,1865.3200000000002,False,False,
TXN0140,2025-06-24,7.0,CNY,Food & Beverage,Coffee,Foodpanda,Cash,Non-essential,Off Campus,,,2025,6,2025-06,Tuesday,False,7.0,1980.42,245.04,0.12373132971793861,308.51,1834.01,False,False,
TXN0018,2025-06-25,17.58,CNY,Food & Beverage,Coffee,Campus Cafe,Cash,Non-essential,On Campus,,,2025,6,2025-06,Wednesday,False,17.58,1980.42,245.04,0.12373132971793861,308.51,1851.59,False,False,
TXN0184,2025-06-25,20.76,CNY,Food & Beverage,Coffee,Mixue,E-wallet,Non-essential,Off Campus,,,2025,6,2025-06,Wednesday,False,20.76,1980.42,245.04,0.12373132971793861,308.51,1872.35,False,False,
TXN0415,2025-06-26,19.45,CNY,Food & Beverage,Coffee,Foodpanda,Card,Non-essential,On Campus,,,2025,6,2025-06,Thursday,False,19.45,1980.42,245.04,0.12373132971793861,308.51,1831.44,False,False,
TXN0505,2025-06-26,86.44,CNY,Bills,Phone,Maxis,E-wallet,Necessary,Off Campus,,,2025,6,2025-06,Thursday,False,86.44,1980.42,315.99,0.15955706365316447,308.51,1917.88,False,False,
TXN0469,2025-06-27,118.5,CNY,Groceries,Supermarket,Aeon,Cash,Necessary,Online,,,2025,6,2025-06,Friday,False,118.5,1980.42,143.37,0.07239373466234435,308.51,1996.8000000000002,False,False,
TXN0170,2025-06-28,21.8,CNY,Food & Beverage,Coffee,Foodpanda,E-wallet,Non-essential,Online,,,2025,6,2025-06,Saturday,True,21.8,1980.42,245.04,0.12373132971793861,308.51,2018.6000000000001,False,False,
TXN0472,2025-06-30,53.04,CNY,Bills,Phone,Tnb,Card,Necessary,Online,,,2025,6,2025-06,Monday,False,53.04,1980.42,315.99,0.15955706365316447,368.66,1980.42,False,False,
TXN0063,2025-07-01,127.39,CNY,Education,Books,Udemy,E-wallet,Necessary,Online,,,2025,7,2025-07,Tuesday,False,127.39,3338.3,411.51,0.12326932870023664,368.66,1953.1299999999999,False,False,
TXN0494,2025-07-02,33.54,CNY,Food & Beverage,Coffee,Foodpanda,Card,Non-essential,Off Campus,,,2025,7,2025-07,Wednesday,False,33.54,3338.3,440.27,0.13188449210676093,368.66,1953.49,False,False,
TXN0131,2025-07-02,26.89,CNY,Food & Beverage,Coffee,Mixue,E-wallet,Non-essential,Off Campus,,,2025,7,2025-07,Wednesday,False,26.89,3338.3,440.27,0.13188449210676093,368.66,1980.3799999999999,False,False,
TXN0084,2025-07-03,28.55,CNY,Transport,Ride,Mrt,Card,Necessary,On Campus,,,2025,7,2025-07,Thursday,False,28.55,3338.3,275.13,0.0824161998622053,368.66,2008.9299999999998,False,False,
TXN0292,2025-07-04,32.06,CNY,Food & Beverage,Coffee,Mcdonalds,Card,Non-essential,On Campus,,,2025,7,2025-07,Friday,False,32.06,3338.3,440.27,0.13188449210676093,368.66,2040.99,False,False,
TXN0345,2025-07-04,38.71,CNY,Groceries,Supermarket,Tesco,E-wallet,Necessary,On Campus,,,2025,7,2025-07,Friday,False,38.71,3338.3,514.68,0.15417428032231975,368.66,2079.7,False,False,
TXN0102,2025-07-06,28.48,CNY,Food & Beverage,Coffee,Starbucks,Card,Non-essential,On Campus,,,2025,7,2025-07,Sunday,True,28.48,3338.3,440.27,0.13188449210676093,368.66,2029.02,False,False,
TXN0267,2025-07-07,19.91,CNY,Food & Beverage,Coffee,Campus Cafe,Card,Non-essential,Off Campus,,,2025,7,2025-07,Monday,False,19.91,3338.3,440.27,0.13188449210676093,760.16,1876.23,False,False,
TXN0122,2025-07-08,32.15,CNY,Entertainment,Movie,Steam,Card,Non-essential,On Campus,,,2025,7,2025-07,Tuesday,False,32.15,3338.3,112.0,0.03355001048437827,760.16,1900.8000000000002,False,False,
TXN0409,2025-07-08,28.2,CNY,Transport,Ride,Grab,Card,Necessary,On Campus,,,2025,7,2025-07,Tuesday,False,28.2,3338.3,275.13,0.0824161998622053,760.16,1929.0,False,False,
TXN0123,2025-07-08,87.64,CNY,Groceries,Supermarket,Jaya Grocer,Card,Necessary,Online,,,2025,7,2025-07,Tuesday,False,87.64,3338.3,514.68,0.15417428032231975,760.16,2016.64,False,False,
TXN0310,2025-07-08,86.05,CNY,Bills,Phone,Maxis,E-wallet,Necessary,Off Campus,,,2025,7,2025-07,Tuesday,False,86.05,3338.3,448.17,0.13425096606056974,760.16,2102.69,False,False,
TXN0189,2025-07-09,20.1,CNY,Transport,Ride,Mrt,Card,Necessary,On Campus,,,2025,7,2025-07,Wednesday,False,20.1,3338.3,275.13,0.0824161998622053,760.16,2122.79,False,False,
TXN0008,2025-07-09,220.51,CNY,Shopping,Clothing,Apple Reseller,E-wallet,Non-essential,On Campus,,,2025,7,2025-07,Wednesday,False,220.51,3338.3,909.09,0.27232124135038793,760.16,2343.3,True,False,
TXN0452,2025-07-10,16.83,CNY,Food & Beverage,Coffee,Foodpanda,E-wallet,Non-essential,Off Campus,,,2025,7,2025-07,Thursday,False,16.83,3338.3,440.27,0.13188449210676093,760.16,2325.85,False,False,
TXN0091,2025-07-11,60.2,CNY,Groceries,Supermarket,Lotus,Card,Necessary,Off Campus,,,2025,7,2025-07,Friday,False,60.2,3338.3,514.68,0.15417428032231975,760.16,2129.6899999999996,False,False,
TXN0229,2025-07-12,37.07,CNY,Food & Beverage,Coffee,Foodpanda,Card,Non-essential,Online,,,2025,7,2025-07,Saturday,True,37.07,3338.3,440.27,0.13188449210676093,760.16,2159.24,False,False,
TXN0380,2025-07-13,19.74,CNY,Food & Beverage,Coffee,Mixue,E-wallet,Non-essential,Off Campus,,,2025,7,2025-07,Sunday,True,19.74,3338.3,440.27,0.13188449210676093,760.16,2046.1299999999999,False,False,
TXN0320,2025-07-13,131.76,CNY,Groceries,Supermarket,Tesco,E-wallet,Necessary,Online,,,2025,7,2025-07,Sunday,True,131.76,3338.3,514.68,0.15417428032231975,760.16,2177.89,False,False,
TXN0241,2025-07-14,34.11,CNY,Transport,Ride,Rapidkl,Card,Necessary,Online,,,2025,7,2025-07,Monday,False,34.11,3338.3,275.13,0.0824161998622053,896.89,2140.9900000000002,False,False,
TXN_OUTLIER_01,2025-07-14,489.0,CNY,Shopping,Clothing,Apple Reseller,Card,Non-essential,Online,New keyboard,Outlier,2025,7,2025-07,Monday,False,489.0,3338.3,909.09,0.27232124135038793,896.89,2629.9900000000002,True,True,Transaction is outside the usual Shopping spending range based on IQR.
TXN0304,2025-07-16,33.76,CNY,Food & Beverage,Coffee,Mixue,Card,Non-essential,Off Campus,,,2025,7,2025-07,Wednesday,False,33.76,3338.3,440.27,0.13188449210676093,896.89,2156.16,False,False,
TXN0216,2025-07-16,32.34,CNY,Food & Beverage,Coffee,Starbucks,Card,Non-essential,Online,,,2025,7,2025-07,Wednesday,False,32.34,3338.3,440.27,0.13188449210676093,896.89,2188.5,False,False,
TXN0433,2025-07-17,135.61,CNY,Bills,Phone,Unifi,E-wallet,Necessary,On Campus,,,2025,7,2025-07,Thursday,False,135.61,3338.3,448.17,0.13425096606056974,896.89,2324.11,False,False,
TXN0322,2025-07-17,26.31,CNY,Health,Clinic,Guardian,E-wallet,Necessary,Off Campus,,,2025,7,2025-07,Thursday,False,26.31,3338.3,227.45,0.06813348111314141,896.89,2350.42,False,False,
TXN0243,2025-07-18,40.65,CNY,Transport,Ride,Mrt,E-wallet,Necessary,On Campus,,,2025,7,2025-07,Friday,False,40.65,3338.3,275.13,0.0824161998622053,896.89,2242.9,False,False,
TXN0238,2025-07-18,52.62,CNY,Entertainment,Movie,Spotify,E-wallet,Non-essential,On Campus,,,2025,7,2025-07,Friday,False,52.62,3338.3,112.0,0.03355001048437827,896.89,2295.52,False,False,
TXN0250,2025-07-18,18.96,CNY,Food & Beverage,Coffee,Mixue,E-wallet,Non-essential,Online,,,2025,7,2025-07,Friday,False,18.96,3338.3,440.27,0.13188449210676093,896.89,2314.48,False,False,
TXN0226,2025-07-18,33.53,CNY,Food & Beverage,Coffee,Starbucks,Card,Non-essential,Off Campus,,,2025,7,2025-07,Friday,False,33.53,3338.3,440.27,0.13188449210676093,896.89,2348.0099999999998,False,False,
TXN0115,2025-07-21,35.59,CNY,Food & Beverage,Coffee,Mixue,E-wallet,Non-essential,On Campus,,,2025,7,2025-07,Monday,False,35.59,3338.3,440.27,0.13188449210676093,680.79,2383.6,False,False,
TXN0311,2025-07-21,106.56,CNY,Health,Clinic,Guardian,Card,Necessary,Online,,,2025,7,2025-07,Monday,False,106.56,3338.3,227.45,0.06813348111314141,680.79,2490.16,False,False,
TXN0288,2025-07-22,80.58,CNY,Bills,Phone,Maxis,Card,Necessary,On Campus,,,2025,7,2025-07,Tuesday,False,80.58,3338.3,448.17,0.13425096606056974,680.79,2556.95,False,False,
TXN0338,2025-07-24,27.23,CNY,Entertainment,Movie,Tgv,Card,Non-essential,On Campus,,,2025,7,2025-07,Thursday,False,27.23,3338.3,112.0,0.03355001048437827,680.79,2560.2,False,False,
TXN0152,2025-07-24,97.28,CNY,Groceries,Supermarket,Aeon,E-wallet,Necessary,Off Campus,,,2025,7,2025-07,Thursday,False,97.28,3338.3,514.68,0.15417428032231975,680.79,2657.48,False,False,
TXN0313,2025-07-25,32.55,CNY,Food & Beverage,Coffee,Campus Cafe,Cash,Non-essential,On Campus,,,2025,7,2025-07,Friday,False,32.55,3338.3,440.27,0.13188449210676093,680.79,2651.69,False,False,
TXN0483,2025-07-25,21.76,CNY,Transport,Ride,Tng Reload,E-wallet,Necessary,Off Campus,,,2025,7,2025-07,Friday,False,21.76,3338.3,275.13,0.0824161998622053,680.79,2673.4500000000003,False,False,
TXN0308,2025-07-26,38.79,CNY,Transport,Ride,Tng Reload,Card,Necessary,Off Campus,,,2025,7,2025-07,Saturday,True,38.79,3338.3,275.13,0.0824161998622053,680.79,2606.35,False,False,
TXN0147,2025-07-26,99.09,CNY,Groceries,Supermarket,Tesco,Card,Necessary,Off Campus,,,2025,7,2025-07,Saturday,True,99.09,3338.3,514.68,0.15417428032231975,680.79,2705.44,False,False,
TXN0490,2025-07-27,141.36,CNY,Education,Books,Campus Print,E-wallet,Necessary,Online,,,2025,7,2025-07,Sunday,True,141.36,3338.3,411.51,0.12326932870023664,680.79,2728.2999999999997,True,False,
TXN0198,2025-07-29,94.58,CNY,Health,Clinic,Guardian,E-wallet,Necessary,Off Campus,,,2025,7,2025-07,Tuesday,False,94.58,3338.3,227.45,0.06813348111314141,936.16,2801.0800000000004,False,False,
TXN0354,2025-07-29,35.5,CNY,Transport,Ride,Grab,E-wallet,Necessary,On Campus,,,2025,7,2025-07,Tuesday,False,35.5,3338.3,275.13,0.0824161998622053,936.16,2836.5800000000004,False,False,
TXN0245,2025-07-29,27.47,CNY,Transport,Ride,Mrt,Card,Necessary,Off Campus,,,2025,7,2025-07,Tuesday,False,27.47,3338.3,275.13,0.0824161998622053,936.16,2864.05,False,False,
TXN0326,2025-07-29,145.93,CNY,Bills,Phone,Tnb,Card,Necessary,On Campus,,,2025,7,2025-07,Tuesday,False,145.93,3338.3,448.17,0.13425096606056974,936.16,3009.98,True,False,
TXN0318,2025-07-29,199.58,CNY,Shopping,Clothing,Uniqlo,Card,Non-essential,Off Campus,,,2025,7,2025-07,Tuesday,False,199.58,3338.3,909.09,0.27232124135038793,936.16,3209.5600000000004,True,False,
TXN0279,2025-07-30,23.61,CNY,Food & Beverage,Coffee,Mcdonalds,E-wallet,Non-essential,On Campus,,,2025,7,2025-07,Wednesday,False,23.61,3338.3,440.27,0.13188449210676093,936.16,3180.13,False,False,
TXN0365,2025-07-31,142.76,CNY,Education,Books,Campus Print,Card,Necessary,On Campus,,,2025,7,2025-07,Thursday,False,142.76,3338.3,411.51,0.12326932870023664,936.16,3195.5,True,False,
TXN0464,2025-07-31,15.41,CNY,Food & Beverage,Coffee,Campus Cafe,Card,Non-essential,Off Campus,,,2025,7,2025-07,Thursday,False,15.41,3338.3,440.27,0.13188449210676093,936.16,3210.91,False,False,
TXN0309,2025-08-01,211.67,CNY,Shopping,Clothing,Muji,E-wallet,Non-essential,Off Campus,,,2025,8,2025-08,Friday,False,211.67,2714.94,1453.77,0.5354703971358483,936.16,3362.15,True,False,
TXN0178,2025-08-01,20.88,CNY,Food & Beverage,Coffee,Foodpanda,Card,Non-essential,Off Campus,,,2025,8,2025-08,Friday,False,20.88,2714.94,405.75,0.14945081659263187,936.16,3383.03,False,False,
TXN0302,2025-08-01,18.77,CNY,Food & Beverage,Coffee,Mixue,Cash,Non-essential,On Campus,,,2025,8,2025-08,Friday,False,18.77,2714.94,405.75,0.14945081659263187,936.16,3401.8,False,False,
TXN0138,2025-08-04,102.05,CNY,Shopping,Clothing,Shopee,E-wallet,Non-essential,On Campus,,,2025,8,2025-08,Monday,False,102.05,2714.94,1453.77,0.5354703971358483,387.28,3404.5299999999997,False,False,
TXN0410,2025-08-04,62.33,CNY,Groceries,Supermarket,Jaya Grocer,Card,Necessary,Online,,,2025,8,2025-08,Monday,False,62.33,2714.94,143.11,0.05271203046844498,387.28,3466.8599999999997,False,False,
TXN0036,2025-08-04,24.19,CNY,Entertainment,Movie,Spotify,Card,Non-essential,Online,,,2025,8,2025-08,Monday,False,24.19,2714.94,110.68,0.040767015108989516,387.28,3491.0499999999997,False,False,
TXN0228,2025-08-05,50.57,CNY,Bills,Phone,Unifi,Cash,Necessary,Off Campus,,,2025,8,2025-08,Tuesday,False,50.57,2714.94,324.98,0.11970061953487002,387.28,3513.14,False,False,
TXN0028,2025-08-06,34.68,CNY,Food & Beverage,Coffee,Mcdonalds,Cash,Non-essential,Off Campus,,,2025,8,2025-08,Wednesday,False,34.68,2714.94,405.75,0.14945081659263187,387.28,3527.91,False,False,
TXN0047,2025-08-07,32.13,CNY,Food & Beverage,Coffee,Mcdonalds,Cash,Non-essential,On Campus,,,2025,8,2025-08,Thursday,False,32.13,2714.94,405.75,0.14945081659263187,387.28,3326.0,False,False,
TXN0235,2025-08-07,20.78,CNY,Food & Beverage,Coffee,Mixue,E-wallet,Non-essential,Off Campus,,,2025,8,2025-08,Thursday,False,20.78,2714.94,405.75,0.14945081659263187,387.28,3346.78,False,False,
TXN0417,2025-08-09,32.96,CNY,Food & Beverage,Coffee,Mcdonalds,E-wallet,Non-essential,On Campus,,,2025,8,2025-08,Saturday,True,32.96,2714.94,405.75,0.14945081659263187,387.28,3122.3,False,False,
TXN0281,2025-08-10,27.59,CNY,Entertainment,Movie,Netflix,Card,Non-essential,Off Campus,,,2025,8,2025-08,Sunday,True,27.59,2714.94,110.68,0.040767015108989516,387.28,3089.69,False,False,
TXN0037,2025-08-11,37.1,CNY,Food & Beverage,Coffee,Mcdonalds,Card,Non-essential,On Campus,,,2025,8,2025-08,Monday,False,37.1,2714.94,405.75,0.14945081659263187,586.24,3089.72,False,False,
TXN0030,2025-08-11,13.37,CNY,Food & Beverage,Coffee,Campus Cafe,Cash,Non-essential,Off Campus,,,2025,8,2025-08,Monday,False,13.37,2714.94,405.75,0.14945081659263187,586.24,3103.09,False,False,
TXN0050,2025-08-12,7.71,CNY,Food & Beverage,Coffee,Starbucks,Card,Non-essential,Off Campus,,,2025,8,2025-08,Tuesday,False,7.71,2714.94,405.75,0.14945081659263187,586.24,2959.3,False,False,
TXN0277,2025-08-12,22.94,CNY,Food & Beverage,Coffee,Starbucks,E-wallet,Non-essential,Online,,,2025,8,2025-08,Tuesday,False,22.94,2714.94,405.75,0.14945081659263187,586.24,2982.24,False,False,
TXN0175,2025-08-12,80.78,CNY,Groceries,Supermarket,Lotus,Card,Necessary,On Campus,,,2025,8,2025-08,Tuesday,False,80.78,2714.94,143.11,0.05271203046844498,586.24,3063.02,False,False,
TXN0466,2025-08-13,27.85,CNY,Transport,Ride,Tng Reload,E-wallet,Necessary,Off Campus,,,2025,8,2025-08,Wednesday,False,27.85,2714.94,276.65,0.10189912115921529,586.24,2567.7599999999998,False,False,
TXN0429,2025-08-13,23.52,CNY,Transport,Ride,Tng Reload,E-wallet,Necessary,On Campus,,,2025,8,2025-08,Wednesday,False,23.52,2714.94,276.65,0.10189912115921529,586.24,2591.2799999999997,False,False,
TXN0337,2025-08-14,38.51,CNY,Transport,Ride,Tng Reload,Card,Necessary,Online,,,2025,8,2025-08,Thursday,False,38.51,2714.94,276.65,0.10189912115921529,586.24,2629.79,False,False,
TXN0278,2025-08-15,108.41,CNY,Shopping,Clothing,Apple Reseller,Card,Non-essential,On Campus,,,2025,8,2025-08,Friday,False,108.41,2714.94,1453.77,0.5354703971358483,586.24,2672.1,False,False,
TXN0328,2025-08-16,196.83,CNY,Shopping,Clothing,Shopee,Cash,Non-essential,Off Campus,,,2025,8,2025-08,Saturday,True,196.83,2714.94,1453.77,0.5354703971358483,586.24,2707.0099999999998,True,False,
TXN0383,2025-08-17,29.22,CNY,Food & Beverage,Coffee,Foodpanda,E-wallet,Non-essential,Off Campus,,,2025,8,2025-08,Sunday,True,29.22,2714.94,405.75,0.14945081659263187,586.24,2590.4700000000003,False,False,
TXN0089,2025-08-18,13.22,CNY,Food & Beverage,Coffee,Mixue,Card,Non-essential,Off Campus,,,2025,8,2025-08,Monday,False,13.22,2714.94,405.75,0.14945081659263187,991.32,2603.69,False,False,
TXN0225,2025-08-18,9.17,CNY,Food & Beverage,Coffee,Campus Cafe,Card,Non-essential,Off Campus,,,2025,8,2025-08,Monday,False,9.17,2714.94,405.75,0.14945081659263187,991.32,2612.86,False,False,
TXN0125,2025-08-19,16.99,CNY,Food & Beverage,Coffee,Mixue,Card,Non-essential,Online,,,2025,8,2025-08,Tuesday,False,16.99,2714.94,405.75,0.14945081659263187,991.32,2629.85,False,False,
TXN0188,2025-08-19,31.63,CNY,Transport,Ride,Tng Reload,Card,Necessary,Online,,,2025,8,2025-08,Tuesday,False,31.63,2714.94,276.65,0.10189912115921529,991.32,2661.48,False,False,
TXN0022,2025-08-20,125.97,CNY,Shopping,Clothing,Shopee,E-wallet,Non-essential,Off Campus,,,2025,8,2025-08,Wednesday,False,125.97,2714.94,1453.77,0.5354703971358483,991.32,2645.3,False,False,
TXN0088,2025-08-20,13.05,CNY,Transport,Ride,Grab,Card,Necessary,On Campus,,,2025,8,2025-08,Wednesday,False,13.05,2714.94,276.65,0.10189912115921529,991.32,2658.35,False,False,
TXN0405,2025-08-21,14.37,CNY,Transport,Ride,Grab,E-wallet,Necessary,On Campus,,,2025,8,2025-08,Thursday,False,14.37,2714.94,276.65,0.10189912115921529,991.32,2592.14,False,False,
TXN0425,2025-08-21,58.9,CNY,Entertainment,Movie,Netflix,E-wallet,Non-essential,Off Campus,,,2025,8,2025-08,Thursday,False,58.9,2714.94,110.68,0.040767015108989516,991.32,2651.04,False,False,
TXN0487,2025-08-21,22.47,CNY,Transport,Ride,Mrt,E-wallet,Necessary,Off Campus,,,2025,8,2025-08,Thursday,False,22.47,2714.94,276.65,0.10189912115921529,991.32,2673.51,False,False,
TXN0031,2025-08-22,16.73,CNY,Transport,Ride,Tng Reload,E-wallet,Necessary,On Campus,,,2025,8,2025-08,Friday,False,16.73,2714.94,276.65,0.10189912115921529,991.32,2690.2400000000002,False,False,
TXN0493,2025-08-22,128.21,CNY,Bills,Phone,Maxis,E-wallet,Necessary,On Campus,,,2025,8,2025-08,Friday,False,128.21,2714.94,324.98,0.11970061953487002,991.32,2818.4500000000003,False,False,
TXN0403,2025-08-23,39.13,CNY,Transport,Ride,Tng Reload,Cash,Necessary,On Campus,,,2025,8,2025-08,Saturday,True,39.13,2714.94,276.65,0.10189912115921529,991.32,2733.0699999999997,False,False,
TXN0507,2025-08-23,30.41,CNY,Transport,Ride,Grab,Card,Necessary,Online,,,2025,8,2025-08,Saturday,True,30.41,2714.94,276.65,0.10189912115921529,991.32,2763.48,False,False,
TXN0390,2025-08-23,146.2,CNY,Bills,Phone,Maxis,E-wallet,Necessary,On Campus,,,2025,8,2025-08,Saturday,True,146.2,2714.94,324.98,0.11970061953487002,991.32,2909.68,True,False,
TXN0504,2025-08-24,296.56,CNY,Shopping,Clothing,Uniqlo,Card,Non-essential,Online,,,2025,8,2025-08,Sunday,True,296.56,2714.94,1453.77,0.5354703971358483,991.32,3151.93,True,False,
TXN0346,2025-08-24,28.31,CNY,Food & Beverage,Coffee,Starbucks,Cash,Non-essential,Online,,,2025,8,2025-08,Sunday,True,28.31,2714.94,405.75,0.14945081659263187,991.32,3180.24,False,False,
TXN0208,2025-08-25,209.84,CNY,Shopping,Clothing,Apple Reseller,E-wallet,Non-essential,Online,,,2025,8,2025-08,Monday,False,209.84,2714.94,1453.77,0.5354703971358483,498.78,3252.2,True,False,
TXN0444,2025-08-26,202.44,CNY,Shopping,Clothing,Shopee,E-wallet,Non-essential,On Campus,,,2025,8,2025-08,Tuesday,False,202.44,2714.94,1453.77,0.5354703971358483,498.78,3313.28,True,False,
TXN0369,2025-08-27,18.98,CNY,Transport,Ride,Rapidkl,Card,Necessary,Off Campus,,,2025,8,2025-08,Wednesday,False,18.98,2714.94,276.65,0.10189912115921529,498.78,3332.26,False,False,
TXN0045,2025-08-30,38.83,CNY,Food & Beverage,Coffee,Mixue,E-wallet,Non-essential,Off Campus,,,2025,8,2025-08,Saturday,True,38.83,2714.94,405.75,0.14945081659263187,498.78,2686.25,False,False,
TXN0435,2025-08-31,28.69,CNY,Food & Beverage,Coffee,Campus Cafe,E-wallet,Non-essential,Off Campus,,,2025,8,2025-08,Sunday,True,28.69,2714.94,405.75,0.14945081659263187,498.78,2463.62,False,False,
TXN0190,2025-09-02,26.98,CNY,Food & Beverage,Coffee,Mcdonalds,E-wallet,Non-essential,On Campus,,,2025,9,2025-09,Tuesday,False,26.98,1901.09,481.2,0.253117948124497,765.57,2490.6,False,False,
TXN0186,2025-09-03,34.56,CNY,Food & Beverage,Coffee,Foodpanda,E-wallet,Non-essential,Online,,,2025,9,2025-09,Wednesday,False,34.56,1901.09,481.2,0.253117948124497,765.57,2336.59,False,False,
TXN_OUTLIER_02,2025-09-03,420.0,CNY,Shopping,Clothing,Shopee,Card,Non-essential,Online,Flash sale haul,Outlier,2025,9,2025-09,Wednesday,False,420.0,1901.09,538.13,0.28306392648428,765.57,2756.59,True,True,Transaction is outside the usual Shopping spending range based on IQR.
TXN0290,2025-09-03,36.38,CNY,Food & Beverage,Coffee,Campus Cafe,Card,Non-essential,Online,,,2025,9,2025-09,Wednesday,False,36.38,1901.09,481.2,0.253117948124497,765.57,2792.9700000000003,False,False,
TXN0266,2025-09-04,125.62,CNY,Education,Books,Udemy,Card,Necessary,On Campus,,,2025,9,2025-09,Thursday,False,125.62,1901.09,233.83,0.12299785912292421,765.57,2868.02,False,False,
TXN0274,2025-09-04,35.05,CNY,Transport,Ride,Mrt,Card,Necessary,Off Campus,,,2025,9,2025-09,Thursday,False,35.05,1901.09,294.36,0.15483748796742922,765.57,2903.07,False,False,
TXN0476,2025-09-06,52.45,CNY,Entertainment,Movie,Netflix,Card,Non-essential,Online,,,2025,9,2025-09,Saturday,True,52.45,1901.09,52.45,0.027589435534351347,765.57,2867.93,False,False,
TXN0459,2025-09-06,20.45,CNY,Food & Beverage,Coffee,Starbucks,E-wallet,Non-essential,Online,,,2025,9,2025-09,Saturday,True,20.45,1901.09,481.2,0.253117948124497,765.57,2888.3799999999997,False,False,
TXN0263,2025-09-07,14.08,CNY,Food & Beverage,Coffee,Starbucks,Card,Non-essential,Online,,,2025,9,2025-09,Sunday,True,14.08,1901.09,481.2,0.253117948124497,765.57,2902.46,False,False,
TXN0282,2025-09-09,16.04,CNY,Food & Beverage,Coffee,Foodpanda,Card,Non-essential,On Campus,,,2025,9,2025-09,Tuesday,False,16.04,1901.09,481.2,0.253117948124497,193.42,2857.9500000000003,False,False,
TXN0295,2025-09-10,42.34,CNY,Groceries,Supermarket,Jaya Grocer,Card,Necessary,Online,,,2025,9,2025-09,Wednesday,False,42.34,1901.09,87.34,0.04594206481544798,193.42,2849.8199999999997,False,False,
TXN0335,2025-09-11,6.19,CNY,Transport,Ride,Tng Reload,Card,Necessary,On Campus,,,2025,9,2025-09,Thursday,False,6.19,1901.09,294.36,0.15483748796742922,193.42,2744.58,False,False,
TXN0019,2025-09-11,49.88,CNY,Education,Books,Udemy,E-wallet,Necessary,Online,,,2025,9,2025-09,Thursday,False,49.88,1901.09,233.83,0.12299785912292421,193.42,2794.46,False,False,
TXN0284,2025-09-12,37.09,CNY,Transport,Ride,Mrt,E-wallet,Necessary,Off Campus,,,2025,9,2025-09,Friday,False,37.09,1901.09,294.36,0.15483748796742922,193.42,2780.1800000000003,False,False,
TXN0473,2025-09-13,41.88,CNY,Food & Beverage,Coffee,Mixue,Card,Non-essential,Off Campus,,,2025,9,2025-09,Saturday,True,41.88,1901.09,481.2,0.253117948124497,193.42,2783.5499999999997,False,False,
TXN0388,2025-09-18,30.21,CNY,Food & Beverage,Coffee,Mcdonalds,E-wallet,Non-essential,Online,,,2025,9,2025-09,Thursday,False,30.21,1901.09,481.2,0.253117948124497,119.33,2408.29,False,False,
TXN0422,2025-09-18,21.88,CNY,Food & Beverage,Coffee,Starbucks,E-wallet,Non-essential,On Campus,,,2025,9,2025-09,Thursday,False,21.88,1901.09,481.2,0.253117948124497,119.33,2430.17,False,False,
TXN0010,2025-09-19,31.18,CNY,Food & Beverage,Coffee,Foodpanda,E-wallet,Non-essential,Off Campus,,,2025,9,2025-09,Friday,False,31.18,1901.09,481.2,0.253117948124497,119.33,2322.33,False,False,
TXN0437,2025-09-20,36.06,CNY,Food & Beverage,Coffee,Mixue,E-wallet,Non-essential,Online,,,2025,9,2025-09,Saturday,True,36.06,1901.09,481.2,0.253117948124497,119.33,2262.65,False,False,
TXN0209,2025-09-22,34.65,CNY,Transport,Ride,Rapidkl,Card,Necessary,Online,,,2025,9,2025-09,Monday,False,34.65,1901.09,294.36,0.15483748796742922,624.23,1936.6200000000001,False,False,
TXN0468,2025-09-22,72.22,CNY,Health,Clinic,Watsons,E-wallet,Necessary,Online,,,2025,9,2025-09,Monday,False,72.22,1901.09,139.55,0.0734052569841512,624.23,2008.8400000000001,False,False,
TXN0316,2025-09-22,29.87,CNY,Food & Beverage,Coffee,Mixue,E-wallet,Non-essential,On Campus,,,2025,9,2025-09,Monday,False,29.87,1901.09,481.2,0.253117948124497,624.23,2038.71,False,False,
TXN0256,2025-09-22,15.15,CNY,Food & Beverage,Coffee,Campus Cafe,E-wallet,Non-essential,On Campus,,,2025,9,2025-09,Monday,False,15.15,1901.09,481.2,0.253117948124497,624.23,2053.86,False,False,
TXN0401,2025-09-23,11.95,CNY,Food & Beverage,Coffee,Foodpanda,Card,Non-essential,Off Campus,,,2025,9,2025-09,Tuesday,False,11.95,1901.09,481.2,0.253117948124497,624.23,1740.94,False,False,
TXN0196,2025-09-24,58.33,CNY,Education,Books,Udemy,Card,Necessary,Off Campus,,,2025,9,2025-09,Wednesday,False,58.33,1901.09,233.83,0.12299785912292421,624.23,1589.43,False,False,
TXN0203,2025-09-24,41.29,CNY,Transport,Ride,Mrt,Cash,Necessary,On Campus,,,2025,9,2025-09,Wednesday,False,41.29,1901.09,294.36,0.15483748796742922,624.23,1630.72,False,False,
TXN0495,2025-09-25,67.33,CNY,Health,Clinic,Guardian,E-wallet,Necessary,Off Campus,,,2025,9,2025-09,Thursday,False,67.33,1901.09,139.55,0.0734052569841512,624.23,1495.61,False,False,
TXN0379,2025-09-25,27.76,CNY,Food & Beverage,Coffee,Mcdonalds,Card,Non-essential,Off Campus,,,2025,9,2025-09,Thursday,False,27.76,1901.09,481.2,0.253117948124497,624.23,1523.37,False,False,
TXN0317,2025-09-27,45.0,CNY,Groceries,Supermarket,Jaya Grocer,Cash,Necessary,Online,,,2025,9,2025-09,Saturday,True,45.0,1901.09,87.34,0.04594206481544798,624.23,1549.3899999999999,False,False,
TXN0343,2025-09-28,118.13,CNY,Shopping,Clothing,Shopee,Card,Non-essential,On Campus,,,2025,9,2025-09,Sunday,True,118.13,1901.09,538.13,0.28306392648428,624.23,1667.52,False,False,
TXN0215,2025-09-28,32.81,CNY,Transport,Ride,Grab,Cash,Necessary,On Campus,,,2025,9,2025-09,Sunday,True,32.81,1901.09,294.36,0.15483748796742922,624.23,1700.33,False,False,
TXN0157,2025-09-28,32.05,CNY,Transport,Ride,Mrt,E-wallet,Necessary,Off Campus,,,2025,9,2025-09,Sunday,True,32.05,1901.09,294.36,0.15483748796742922,624.23,1732.3799999999999,False,False,
TXN0312,2025-09-28,37.69,CNY,Transport,Ride,Mrt,Card,Necessary,Online,,,2025,9,2025-09,Sunday,True,37.69,1901.09,294.36,0.15483748796742922,624.23,1770.07,False,False,
TXN0394,2025-09-29,37.54,CNY,Transport,Ride,Tng Reload,Card,Necessary,Online,,,2025,9,2025-09,Monday,False,37.54,1901.09,294.36,0.15483748796742922,937.52,1768.78,False,False,
TXN0024,2025-09-29,24.8,CNY,Food & Beverage,Coffee,Campus Cafe,Card,Non-essential,Online,,,2025,9,2025-09,Monday,False,24.8,1901.09,481.2,0.253117948124497,937.52,1793.58,False,False,
TXN0109,2025-09-29,26.28,CNY,Food & Beverage,Coffee,Mcdonalds,E-wallet,Non-essential,Off Campus,,,2025,9,2025-09,Monday,False,26.28,1901.09,481.2,0.253117948124497,937.52,1819.86,False,False,
TXN0068,2025-09-30,74.23,CNY,Bills,Phone,Tnb,Card,Necessary,On Campus,,,2025,9,2025-09,Tuesday,False,74.23,1901.09,74.23,0.039046020966918976,937.52,1865.3999999999999,False,False,
TXN0432,2025-09-30,14.03,CNY,Food & Beverage,Coffee,Campus Cafe,Card,Non-essential,On Campus,,,2025,9,2025-09,Tuesday,False,14.03,1901.09,481.2,0.253117948124497,937.52,1879.43,False,False,
TXN0136,2025-09-30,21.66,CNY,Food & Beverage,Coffee,Starbucks,Card,Non-essential,Off Campus,,,2025,9,2025-09,Tuesday,False,21.66,1901.09,481.2,0.253117948124497,937.52,1901.09,False,False,
TXN0154,2025-10-01,29.01,CNY,Groceries,Supermarket,Lotus,E-wallet,Necessary,Off Campus,,,2025,10,2025-10,Wednesday,False,29.01,3398.74,272.39,0.08014440645651036,937.52,1930.1,False,False,
TXN0097,2025-10-02,59.97,CNY,Entertainment,Movie,Tgv,Card,Non-essential,Off Campus,,,2025,10,2025-10,Thursday,False,59.97,3398.74,541.41,0.15929726898791904,937.52,1963.09,False,False,
TXN0325,2025-10-02,32.95,CNY,Food & Beverage,Coffee,Starbucks,Card,Non-essential,Off Campus,,,2025,10,2025-10,Thursday,False,32.95,3398.74,310.58,0.09138092351871575,937.52,1996.04,False,False,
TXN0307,2025-10-02,22.09,CNY,Food & Beverage,Coffee,Starbucks,Card,Non-essential,Off Campus,,,2025,10,2025-10,Thursday,False,22.09,3398.74,310.58,0.09138092351871575,937.52,2018.1299999999999,False,False,
TXN0206,2025-10-02,311.84,CNY,Shopping,Clothing,Uniqlo,Card,Non-essential,On Campus,,,2025,10,2025-10,Thursday,False,311.84,3398.74,1084.92,0.31921241401225164,937.52,2329.97,True,False,
TXN0294,2025-10-04,79.11,CNY,Entertainment,Movie,Steam,Card,Non-essential,On Campus,,,2025,10,2025-10,Saturday,True,79.11,3398.74,541.41,0.15929726898791904,937.52,1757.47,False,False,
TXN0426,2025-10-04,37.93,CNY,Groceries,Supermarket,Aeon,Cash,Necessary,Off Campus,,,2025,10,2025-10,Saturday,True,37.93,3398.74,272.39,0.08014440645651036,937.52,1795.4,False,False,
TXN0159,2025-10-05,42.94,CNY,Food & Beverage,Coffee,Campus Cafe,Card,Non-essential,Off Campus,,,2025,10,2025-10,Sunday,True,42.94,3398.74,310.58,0.09138092351871575,937.52,1838.34,False,False,
TXN0073,2025-10-05,48.39,CNY,Entertainment,Movie,Tgv,Card,Non-essential,Online,,,2025,10,2025-10,Sunday,True,48.39,3398.74,541.41,0.15929726898791904,937.52,1886.73,False,False,
TXN0520,2025-10-05,74.75,CNY,Education,Books,Campus Print,E-wallet,Necessary,Off Campus,,,2025,10,2025-10,Sunday,True,74.75,3398.74,74.75,0.021993444629480337,937.52,1961.48,False,False,
TXN0009,2025-10-06,31.61,CNY,Entertainment,Movie,Spotify,E-wallet,Non-essential,On Campus,,,2025,10,2025-10,Monday,False,31.61,3398.74,541.41,0.15929726898791904,731.47,1920.1899999999998,False,False,
TXN0303,2025-10-06,288.61,CNY,Shopping,Clothing,Apple Reseller,E-wallet,Non-essential,Online,,,2025,10,2025-10,Monday,False,288.61,3398.74,1084.92,0.31921241401225164,731.47,2208.8,True,False,
TXN0514,2025-10-06,37.38,CNY,Food & Beverage,Coffee,Foodpanda,E-wallet,Non-essential,Off Campus,,,2025,10,2025-10,Monday,False,37.38,3398.74,310.58,0.09138092351871575,731.47,2246.18,False,False,
TXN0259,2025-10-07,61.29,CNY,Health,Clinic,Campus Clinic,Card,Necessary,Off Campus,,,2025,10,2025-10,Tuesday,False,61.29,3398.74,149.87,0.04409575313204306,731.47,2293.39,False,False,
TXN0270,2025-10-07,26.94,CNY,Transport,Ride,Tng Reload,Card,Necessary,Off Campus,,,2025,10,2025-10,Tuesday,False,26.94,3398.74,498.32,0.14661904117408217,731.47,2320.33,False,False,
TXN0005,2025-10-10,33.02,CNY,Health,Clinic,Campus Clinic,Card,Necessary,On Campus,,,2025,10,2025-10,Friday,False,33.02,3398.74,149.87,0.04409575313204306,731.47,2294.97,False,False,
TXN0348,2025-10-10,60.9,CNY,Bills,Phone,Maxis,E-wallet,Necessary,Off Campus,,,2025,10,2025-10,Friday,False,60.9,3398.74,466.5,0.1372567480889977,731.47,2355.87,False,False,
TXN0081,2025-10-11,62.99,CNY,Bills,Phone,Maxis,Card,Necessary,Off Campus,,,2025,10,2025-10,Saturday,True,62.99,3398.74,466.5,0.1372567480889977,731.47,2362.7900000000004,False,False,
TXN0025,2025-10-11,20.67,CNY,Groceries,Supermarket,Lotus,E-wallet,Necessary,Off Campus,,,2025,10,2025-10,Saturday,True,20.67,3398.74,272.39,0.08014440645651036,731.47,2383.46,False,False,
TXN0218,2025-10-11,67.02,CNY,Bills,Phone,Celcomdigi,E-wallet,Necessary,On Campus,,,2025,10,2025-10,Saturday,True,67.02,3398.74,466.5,0.1372567480889977,731.47,2450.48,False,False,
TXN0385,2025-10-12,41.04,CNY,Food & Beverage,Coffee,Campus Cafe,Card,Non-essential,On Campus,,,2025,10,2025-10,Sunday,True,41.04,3398.74,310.58,0.09138092351871575,731.47,2454.4300000000003,False,False,
TXN0134,2025-10-14,7.94,CNY,Food & Beverage,Coffee,Campus Cafe,E-wallet,Non-essential,On Campus,,,2025,10,2025-10,Tuesday,False,7.94,3398.74,310.58,0.09138092351871575,453.15,2420.49,False,False,
TXN0083,2025-10-15,48.3,CNY,Bills,Phone,Unifi,Card,Necessary,Online,,,2025,10,2025-10,Wednesday,False,48.3,3398.74,466.5,0.1372567480889977,453.15,2468.79,False,False,
TXN0074,2025-10-15,79.8,CNY,Entertainment,Movie,Steam,E-wallet,Non-essential,On Campus,,,2025,10,2025-10,Wednesday,False,79.8,3398.74,541.41,0.15929726898791904,453.15,2548.59,False,False,
TXN0111,2025-10-16,61.8,CNY,Entertainment,Movie,Spotify,Card,Non-essential,Off Campus,,,2025,10,2025-10,Thursday,False,61.8,3398.74,541.41,0.15929726898791904,453.15,2610.39,False,False,
TXN0458,2025-10-16,10.67,CNY,Food & Beverage,Coffee,Mcdonalds,Card,Non-essential,Off Campus,,,2025,10,2025-10,Thursday,False,10.67,3398.74,310.58,0.09138092351871575,453.15,2621.06,False,False,
TXN0137,2025-10-18,39.02,CNY,Entertainment,Movie,Spotify,Card,Non-essential,Off Campus,,,2025,10,2025-10,Saturday,True,39.02,3398.74,541.41,0.15929726898791904,453.15,2607.99,False,False,
TXN0066,2025-10-18,39.46,CNY,Transport,Ride,Grab,Cash,Necessary,On Campus,,,2025,10,2025-10,Saturday,True,39.46,3398.74,498.32,0.14661904117408217,453.15,2647.45,False,False,
TXN0155,2025-10-19,91.23,CNY,Shopping,Clothing,Uniqlo,Card,Non-essential,Online,,,2025,10,2025-10,Sunday,True,91.23,3398.74,1084.92,0.31921241401225164,453.15,2707.5,False,False,
TXN0272,2025-10-19,74.93,CNY,Entertainment,Movie,Steam,Card,Non-essential,Off Campus,,,2025,10,2025-10,Sunday,True,74.93,3398.74,541.41,0.15929726898791904,453.15,2782.43,False,False,
TXN0332,2025-10-20,27.27,CNY,Transport,Ride,Tng Reload,E-wallet,Necessary,On Campus,,,2025,10,2025-10,Monday,False,27.27,3398.74,498.32,0.14661904117408217,1130.07,2773.64,False,False,
TXN0090,2025-10-21,213.57,CNY,Shopping,Clothing,Muji,Card,Non-essential,Online,,,2025,10,2025-10,Tuesday,False,213.57,3398.74,1084.92,0.31921241401225164,1130.07,2987.21,True,False,
TXN_OUTLIER_03,2025-10-21,365.0,CNY,Transport,Ride,Grab,Card,Necessary,Online,Airport commute,Outlier,2025,10,2025-10,Tuesday,False,365.0,3398.74,498.32,0.14661904117408217,1130.07,3352.21,True,True,Transaction is outside the usual Transport spending range based on IQR.
TXN0058,2025-10-22,19.04,CNY,Transport,Ride,Mrt,E-wallet,Necessary,On Campus,,,2025,10,2025-10,Wednesday,False,19.04,3398.74,498.32,0.14661904117408217,1130.07,3219.36,False,False,
TXN0298,2025-10-22,55.56,CNY,Health,Clinic,Guardian,E-wallet,Necessary,On Campus,,,2025,10,2025-10,Wednesday,False,55.56,3398.74,149.87,0.04409575313204306,1130.07,3274.92,False,False,
TXN0446,2025-10-23,94.91,CNY,Groceries,Supermarket,Jaya Grocer,E-wallet,Necessary,Off Campus,,,2025,10,2025-10,Thursday,False,94.91,3398.74,272.39,0.08014440645651036,1130.07,3357.88,False,False,
TXN0060,2025-10-23,179.67,CNY,Shopping,Clothing,Uniqlo,E-wallet,Non-essential,On Campus,,,2025,10,2025-10,Thursday,False,179.67,3398.74,1084.92,0.31921241401225164,1130.07,3537.5499999999997,True,False,
TXN0404,2025-10-24,80.63,CNY,Bills,Phone,Unifi,Card,Necessary,Off Campus,,,2025,10,2025-10,Friday,False,80.63,3398.74,466.5,0.1372567480889977,1130.07,3518.56,False,False,
TXN0260,2025-10-24,7.87,CNY,Transport,Ride,Grab,E-wallet,Necessary,Off Campus,,,2025,10,2025-10,Friday,False,7.87,3398.74,498.32,0.14661904117408217,1130.07,3526.43,False,False,
TXN0430,2025-10-26,51.15,CNY,Entertainment,Movie,Spotify,E-wallet,Non-essential,Off Campus,,,2025,10,2025-10,Sunday,True,51.15,3398.74,541.41,0.15929726898791904,1130.07,3482.49,False,False,
TXN0067,2025-10-26,35.4,CNY,Food & Beverage,Coffee,Campus Cafe,E-wallet,Non-essential,On Campus,,,2025,10,2025-10,Sunday,True,35.4,3398.74,310.58,0.09138092351871575,1130.07,3517.89,False,False,
TXN0135,2025-10-27,6.05,CNY,Food & Beverage,Coffee,Mcdonalds,Cash,Non-essential,Online,,,2025,10,2025-10,Monday,False,6.05,3398.74,310.58,0.09138092351871575,361.15,3478.9399999999996,False,False,
TXN0391,2025-10-27,146.66,CNY,Bills,Phone,Maxis,Cash,Necessary,Off Campus,,,2025,10,2025-10,Monday,False,146.66,3398.74,466.5,0.1372567480889977,361.15,3625.6,True,False,
TXN0486,2025-10-27,89.87,CNY,Groceries,Supermarket,Lotus,Card,Necessary,Off Campus,,,2025,10,2025-10,Monday,False,89.87,3398.74,272.39,0.08014440645651036,361.15,3715.47,False,False,
TXN0094,2025-10-28,16.69,CNY,Food & Beverage,Coffee,Starbucks,Card,Non-essential,On Campus,,,2025,10,2025-10,Tuesday,False,16.69,3398.74,310.58,0.09138092351871575,361.15,3511.48,False,False,
TXN0480,2025-10-29,12.74,CNY,Transport,Ride,Grab,E-wallet,Necessary,On Campus,,,2025,10,2025-10,Wednesday,False,12.74,3398.74,498.32,0.14661904117408217,361.15,3435.6,False,False,
TXN0456,2025-10-29,15.63,CNY,Entertainment,Movie,Steam,E-wallet,Non-essential,Online,,,2025,10,2025-10,Wednesday,False,15.63,3398.74,541.41,0.15929726898791904,361.15,3451.23,False,False,
TXN0488,2025-10-30,33.32,CNY,Food & Beverage,Coffee,Campus Cafe,Card,Non-essential,Off Campus,,,2025,10,2025-10,Thursday,False,33.32,3398.74,310.58,0.09138092351871575,361.15,3374.63,False,False,
TXN0396,2025-10-31,24.11,CNY,Food & Beverage,Coffee,Campus Cafe,Card,Non-essential,Online,,,2025,10,2025-10,Friday,False,24.11,3398.74,310.58,0.09138092351871575,361.15,3369.73,False,False,
TXN0052,2025-11-01,16.08,CNY,Food & Beverage,Coffee,Foodpanda,Card,Non-essential,Off Campus,,,2025,11,2025-11,Saturday,True,16.08,2648.9,408.85,0.15434708747027068,361.15,2958.96,False,False,
TXN0211,2025-11-03,19.96,CNY,Food & Beverage,Coffee,Starbucks,E-wallet,Non-essential,On Campus,,,2025,11,2025-11,Monday,False,19.96,2648.9,408.85,0.15434708747027068,286.12,2861.88,False,False,
TXN0497,2025-11-05,16.05,CNY,Transport,Ride,Tng Reload,Card,Necessary,On Campus,,,2025,11,2025-11,Wednesday,False,16.05,2648.9,191.61,0.07233568651138207,286.12,2354.25,False,False,
TXN0347,2025-11-06,20.17,CNY,Food & Beverage,Coffee,Campus Cafe,Cash,Non-essential,Online,,,2025,11,2025-11,Thursday,False,20.17,2648.9,408.85,0.15434708747027068,286.12,2286.19,False,False,
TXN0093,2025-11-06,9.71,CNY,Food & Beverage,Coffee,Foodpanda,Cash,Non-essential,Online,,,2025,11,2025-11,Thursday,False,9.71,2648.9,408.85,0.15434708747027068,286.12,2295.9,False,False,
TXN0463,2025-11-06,24.52,CNY,Transport,Ride,Rapidkl,Card,Necessary,Online,,,2025,11,2025-11,Thursday,False,24.52,2648.9,191.61,0.07233568651138207,286.12,2320.42,False,False,
TXN0368,2025-11-07,9.02,CNY,Transport,Ride,Rapidkl,Cash,Necessary,On Campus,,,2025,11,2025-11,Friday,False,9.02,2648.9,191.61,0.07233568651138207,286.12,2329.44,False,False,
TXN0227,2025-11-08,29.37,CNY,Food & Beverage,Coffee,Mcdonalds,Card,Non-essential,Online,,,2025,11,2025-11,Saturday,True,29.37,2648.9,408.85,0.15434708747027068,286.12,2358.81,False,False,
TXN0054,2025-11-08,157.32,CNY,Bills,Phone,Unifi,E-wallet,Necessary,Online,,,2025,11,2025-11,Saturday,True,157.32,2648.9,508.12,0.19182302087659028,286.12,2516.13,True,False,
TXN0176,2025-11-10,21.42,CNY,Food & Beverage,Coffee,Starbucks,E-wallet,Non-essential,On Campus,,,2025,11,2025-11,Monday,False,21.42,2648.9,408.85,0.15434708747027068,1072.03,2292.9500000000003,False,False,
TXN0128,2025-11-10,16.32,CNY,Food & Beverage,Coffee,Foodpanda,Card,Non-essential,Online,,,2025,11,2025-11,Monday,False,16.32,2648.9,408.85,0.15434708747027068,1072.03,2309.27,False,False,
TXN0105,2025-11-10,23.68,CNY,Transport,Ride,Tng Reload,E-wallet,Necessary,Off Campus,,,2025,11,2025-11,Monday,False,23.68,2648.9,191.61,0.07233568651138207,1072.03,2332.9500000000003,False,False,
TXN0355,2025-11-11,173.03,CNY,Bills,Phone,Maxis,Cash,Necessary,Online,,,2025,11,2025-11,Tuesday,False,173.03,2648.9,508.12,0.19182302087659028,1072.03,2464.9399999999996,True,False,
TXN0275,2025-11-11,9.85,CNY,Transport,Ride,Grab,Card,Necessary,Off Campus,,,2025,11,2025-11,Tuesday,False,9.85,2648.9,191.61,0.07233568651138207,1072.03,2474.79,False,False,
TXN0448,2025-11-13,97.45,CNY,Groceries,Supermarket,Jaya Grocer,Cash,Necessary,Off Campus,,,2025,11,2025-11,Thursday,False,97.45,2648.9,258.02,0.09740647061044207,1072.03,2564.3,False,False,
TXN0439,2025-11-13,72.54,CNY,Education,Books,Udemy,Card,Necessary,Off Campus,,,2025,11,2025-11,Thursday,False,72.54,2648.9,262.39,0.09905621201253349,1072.03,2636.84,False,False,
TXN0027,2025-11-14,56.79,CNY,Groceries,Supermarket,Lotus,Card,Necessary,Off Campus,,,2025,11,2025-11,Friday,False,56.79,2648.9,258.02,0.09740647061044207,1072.03,2565.5299999999997,False,False,
TXN0194,2025-11-14,16.26,CNY,Food & Beverage,Coffee,Mcdonalds,E-wallet,Non-essential,Off Campus,,,2025,11,2025-11,Friday,False,16.26,2648.9,408.85,0.15434708747027068,1072.03,2581.79,False,False,
TXN0085,2025-11-14,114.97,CNY,Education,Books,Bookxcess,E-wallet,Necessary,Online,,,2025,11,2025-11,Friday,False,114.97,2648.9,262.39,0.09905621201253349,1072.03,2696.7599999999998,False,False,
TXN0195,2025-11-15,318.13,CNY,Shopping,Clothing,Uniqlo,E-wallet,Non-essential,Off Campus,,,2025,11,2025-11,Saturday,True,318.13,2648.9,811.71,0.30643285892257166,1072.03,2942.42,True,False,
TXN0253,2025-11-15,47.81,CNY,Shopping,Clothing,Shopee,E-wallet,Non-essential,Online,,,2025,11,2025-11,Saturday,True,47.81,2648.9,811.71,0.30643285892257166,1072.03,2990.23,False,False,
TXN0359,2025-11-15,103.78,CNY,Groceries,Supermarket,Lotus,Card,Necessary,On Campus,,,2025,11,2025-11,Saturday,True,103.78,2648.9,258.02,0.09740647061044207,1072.03,3094.01,False,False,
TXN0121,2025-11-17,8.71,CNY,Food & Beverage,Coffee,Foodpanda,Card,Non-essential,Off Campus,,,2025,11,2025-11,Monday,False,8.71,2648.9,408.85,0.15434708747027068,713.5,3024.24,False,False,
TXN0213,2025-11-18,18.31,CNY,Entertainment,Movie,Steam,Card,Non-essential,Off Campus,,,2025,11,2025-11,Tuesday,False,18.31,2648.9,208.2,0.07859866359620973,713.5,2876.3900000000003,False,False,
TXN0220,2025-11-18,21.56,CNY,Food & Beverage,Coffee,Foodpanda,Card,Non-essential,Off Campus,,,2025,11,2025-11,Tuesday,False,21.56,2648.9,408.85,0.15434708747027068,713.5,2897.9500000000003,False,False,
TXN0011,2025-11-19,21.51,CNY,Entertainment,Movie,Tgv,Cash,Non-essential,Off Campus,,,2025,11,2025-11,Wednesday,False,21.51,2648.9,208.2,0.07859866359620973,713.5,2892.19,False,False,
TXN0100,2025-11-19,7.96,CNY,Transport,Ride,Tng Reload,E-wallet,Necessary,Off Campus,,,2025,11,2025-11,Wednesday,False,7.96,2648.9,191.61,0.07233568651138207,713.5,2900.15,False,False,
TXN0496,2025-11-20,32.41,CNY,Transport,Ride,Rapidkl,E-wallet,Necessary,On Campus,,,2025,11,2025-11,Thursday,False,32.41,2648.9,191.61,0.07233568651138207,713.5,2353.99,False,False,
TXN0143,2025-11-20,177.77,CNY,Bills,Phone,Celcomdigi,Card,Necessary,Online,,,2025,11,2025-11,Thursday,False,177.77,2648.9,508.12,0.19182302087659028,713.5,2531.76,True,False,
TXN0329,2025-11-21,155.34,CNY,Shopping,Clothing,Muji,Card,Non-essential,On Campus,,,2025,11,2025-11,Friday,False,155.34,2648.9,811.71,0.30643285892257166,713.5,2612.5,True,False,
TXN0222,2025-11-21,27.65,CNY,Food & Beverage,Coffee,Mixue,Cash,Non-essential,On Campus,,,2025,11,2025-11,Friday,False,27.65,2648.9,408.85,0.15434708747027068,713.5,2640.15,False,False,
TXN0297,2025-11-22,38.61,CNY,Food & Beverage,Coffee,Mixue,E-wallet,Non-essential,Off Campus,,,2025,11,2025-11,Saturday,True,38.61,2648.9,408.85,0.15434708747027068,713.5,2404.1800000000003,False,False,
TXN0400,2025-11-22,53.86,CNY,Entertainment,Movie,Netflix,Card,Non-essential,Off Campus,,,2025,11,2025-11,Saturday,True,53.86,2648.9,208.2,0.07859866359620973,713.5,2458.04,False,False,
TXN0460,2025-11-22,40.11,CNY,Food & Beverage,Coffee,Foodpanda,E-wallet,Non-essential,Off Campus,,,2025,11,2025-11,Saturday,True,40.11,2648.9,408.85,0.15434708747027068,713.5,2498.15,False,False,
TXN0293,2025-11-22,74.88,CNY,Education,Books,Bookxcess,Card,Necessary,Online,,,2025,11,2025-11,Saturday,True,74.88,2648.9,262.39,0.09905621201253349,713.5,2573.03,False,False,
TXN0485,2025-11-23,34.82,CNY,Transport,Ride,Grab,E-wallet,Necessary,On Campus,,,2025,11,2025-11,Sunday,True,34.82,2648.9,191.61,0.07233568651138207,713.5,2519.3500000000004,False,False,
TXN0012,2025-11-24,33.3,CNY,Transport,Ride,Tng Reload,E-wallet,Necessary,Off Campus,,,2025,11,2025-11,Monday,False,33.3,2648.9,191.61,0.07233568651138207,561.17,2552.65,False,False,
TXN0236,2025-11-24,18.11,CNY,Food & Beverage,Coffee,Foodpanda,Cash,Non-essential,On Campus,,,2025,11,2025-11,Monday,False,18.11,2648.9,408.85,0.15434708747027068,561.17,2570.76,False,False,
TXN0133,2025-11-25,22.51,CNY,Food & Beverage,Coffee,Starbucks,Card,Non-essential,On Campus,,,2025,11,2025-11,Tuesday,False,22.51,2648.9,408.85,0.15434708747027068,561.17,2506.72,False,False,
TXN0382,2025-11-25,9.97,CNY,Food & Beverage,Coffee,Mixue,Card,Non-essential,Off Campus,,,2025,11,2025-11,Tuesday,False,9.97,2648.9,408.85,0.15434708747027068,561.17,2516.69,False,False,
TXN0149,2025-11-26,23.16,CNY,Food & Beverage,Coffee,Foodpanda,E-wallet,Non-essential,On Campus,,,2025,11,2025-11,Wednesday,False,23.16,2648.9,408.85,0.15434708747027068,561.17,2297.27,False,False,
TXN0482,2025-11-26,217.01,CNY,Shopping,Clothing,Apple Reseller,E-wallet,Non-essential,Online,,,2025,11,2025-11,Wednesday,False,217.01,2648.9,811.71,0.30643285892257166,561.17,2514.28,True,False,
TXN0205,2025-11-27,49.55,CNY,Entertainment,Movie,Netflix,Card,Non-essential,Off Campus,,,2025,11,2025-11,Thursday,False,49.55,2648.9,208.2,0.07859866359620973,561.17,2547.14,False,False,
TXN0086,2025-11-27,18.93,CNY,Food & Beverage,Coffee,Mixue,Card,Non-essential,On Campus,,,2025,11,2025-11,Thursday,False,18.93,2648.9,408.85,0.15434708747027068,561.17,2566.07,False,False,
TXN0055,2025-11-28,64.97,CNY,Entertainment,Movie,Spotify,Cash,Non-essential,Off Campus,,,2025,11,2025-11,Friday,False,64.97,2648.9,208.2,0.07859866359620973,561.17,2602.67,False,False,
TXN0251,2025-11-29,30.24,CNY,Food & Beverage,Coffee,Campus Cafe,Card,Non-essential,Off Campus,,,2025,11,2025-11,Saturday,True,30.24,2648.9,408.85,0.15434708747027068,561.17,2599.5899999999997,False,False,
TXN0040,2025-11-29,73.42,CNY,Shopping,Clothing,Apple Reseller,E-wallet,Non-essential,Off Campus,,,2025,11,2025-11,Saturday,True,73.42,2648.9,811.71,0.30643285892257166,561.17,2673.0099999999998,False,False,
TXN0142,2025-12-02,108.43,CNY,Groceries,Supermarket,Lotus,E-wallet,Necessary,On Campus,,,2025,12,2025-12,Tuesday,False,108.43,3305.37,385.4,0.116598141811658,1251.93,2741.25,False,False,
TXN_OUTLIER_04,2025-12-02,540.0,CNY,Shopping,Clothing,Uniqlo,Card,Non-essential,Online,Holiday wardrobe,Outlier,2025,12,2025-12,Tuesday,False,540.0,3305.37,1787.13,0.5406747202279927,1251.93,3281.25,True,True,Transaction is outside the usual Shopping spending range based on IQR.
TXN0026,2025-12-02,45.09,CNY,Entertainment,Movie,Netflix,Card,Non-essential,Online,,,2025,12,2025-12,Tuesday,False,45.09,3305.37,173.73,0.052559925212608584,1251.93,3326.3399999999997,False,False,
TXN0064,2025-12-03,9.95,CNY,Food & Beverage,Coffee,Campus Cafe,E-wallet,Non-essential,On Campus,,,2025,12,2025-12,Wednesday,False,9.95,3305.37,364.01,0.11012685417971362,1251.93,3316.33,False,False,
TXN0044,2025-12-04,19.42,CNY,Entertainment,Movie,Spotify,E-wallet,Non-essential,Online,,,2025,12,2025-12,Thursday,False,19.42,3305.37,173.73,0.052559925212608584,1251.93,3335.75,False,False,
TXN0438,2025-12-04,49.8,CNY,Entertainment,Movie,Netflix,Card,Non-essential,On Campus,,,2025,12,2025-12,Thursday,False,49.8,3305.37,173.73,0.052559925212608584,1251.93,3385.5499999999997,False,False,
TXN0049,2025-12-05,57.27,CNY,Bills,Phone,Maxis,Cash,Necessary,On Campus,,,2025,12,2025-12,Friday,False,57.27,3305.37,328.99,0.09953197372760085,1251.93,3426.77,False,False,
TXN0271,2025-12-05,38.17,CNY,Food & Beverage,Coffee,Foodpanda,Card,Non-essential,On Campus,,,2025,12,2025-12,Friday,False,38.17,3305.37,364.01,0.11012685417971362,1251.93,3464.94,False,False,
TXN0223,2025-12-05,12.65,CNY,Food & Beverage,Coffee,Foodpanda,E-wallet,Non-essential,Off Campus,,,2025,12,2025-12,Friday,False,12.65,3305.37,364.01,0.11012685417971362,1251.93,3477.59,False,False,
TXN0301,2025-12-06,13.06,CNY,Food & Beverage,Coffee,Mcdonalds,E-wallet,Non-essential,Off Campus,,,2025,12,2025-12,Saturday,True,13.06,3305.37,364.01,0.11012685417971362,1251.93,3436.25,False,False,
TXN0305,2025-12-06,282.31,CNY,Shopping,Clothing,Uniqlo,E-wallet,Non-essential,Off Campus,,,2025,12,2025-12,Saturday,True,282.31,3305.37,1787.13,0.5406747202279927,1251.93,3718.56,True,False,
TXN0171,2025-12-07,43.87,CNY,Food & Beverage,Coffee,Foodpanda,Cash,Non-essential,On Campus,,,2025,12,2025-12,Sunday,True,43.87,3305.37,364.01,0.11012685417971362,1251.93,3753.41,False,False,
TXN0144,2025-12-07,31.91,CNY,Food & Beverage,Coffee,Mixue,Card,Non-essential,Off Campus,,,2025,12,2025-12,Sunday,True,31.91,3305.37,364.01,0.11012685417971362,1251.93,3785.32,False,False,
TXN0046,2025-12-08,29.12,CNY,Transport,Ride,Tng Reload,E-wallet,Necessary,Off Campus,,,2025,12,2025-12,Monday,False,29.12,3305.37,168.48,0.05097160075876528,392.82,3627.75,False,False,
TXN0503,2025-12-10,45.51,CNY,Bills,Phone,Maxis,E-wallet,Necessary,Off Campus,,,2025,12,2025-12,Wednesday,False,45.51,3305.37,328.99,0.09953197372760085,392.82,3611.84,False,False,
TXN0517,2025-12-10,21.02,CNY,Transport,Ride,Grab,Card,Necessary,On Campus,,,2025,12,2025-12,Wednesday,False,21.02,3305.37,168.48,0.05097160075876528,392.82,3632.86,False,False,
TXN0167,2025-12-11,19.76,CNY,Health,Clinic,Campus Clinic,Cash,Necessary,On Campus,,,2025,12,2025-12,Thursday,False,19.76,3305.37,38.38,0.011611408102572482,392.82,3469.74,False,False,
TXN0185,2025-12-11,11.56,CNY,Transport,Ride,Tng Reload,E-wallet,Necessary,Online,,,2025,12,2025-12,Thursday,False,11.56,3305.37,168.48,0.05097160075876528,392.82,3481.2999999999997,False,False,
TXN0358,2025-12-11,196.23,CNY,Shopping,Clothing,Muji,E-wallet,Non-essential,Off Campus,,,2025,12,2025-12,Thursday,False,196.23,3305.37,1787.13,0.5406747202279927,392.82,3677.5299999999997,True,False,
TXN0461,2025-12-12,27.89,CNY,Shopping,Clothing,Muji,E-wallet,Non-essential,Off Campus,,,2025,12,2025-12,Friday,False,27.89,3305.37,1787.13,0.5406747202279927,392.82,3705.4199999999996,False,False,
TXN0353,2025-12-13,6.57,CNY,Transport,Ride,Mrt,Card,Necessary,Off Campus,,,2025,12,2025-12,Saturday,True,6.57,3305.37,168.48,0.05097160075876528,392.82,3542.0,False,False,
TXN0519,2025-12-14,35.16,CNY,Transport,Ride,Rapidkl,Card,Necessary,Online,,,2025,12,2025-12,Sunday,True,35.16,3305.37,168.48,0.05097160075876528,392.82,3389.14,False,False,
TXN0092,2025-12-15,108.03,CNY,Bills,Phone,Maxis,Card,Necessary,Online,,,2025,12,2025-12,Monday,False,108.03,3305.37,328.99,0.09953197372760085,599.41,3027.45,False,False,
TXN0265,2025-12-15,48.13,CNY,Bills,Phone,Tnb,Card,Necessary,Off Campus,,,2025,12,2025-12,Monday,False,48.13,3305.37,328.99,0.09953197372760085,599.41,3075.58,False,False,
TXN0510,2025-12-15,18.62,CNY,Health,Clinic,Guardian,Card,Necessary,On Campus,,,2025,12,2025-12,Monday,False,18.62,3305.37,38.38,0.011611408102572482,599.41,3094.2,False,False,
TXN0289,2025-12-16,83.17,CNY,Groceries,Supermarket,Jaya Grocer,Card,Necessary,On Campus,,,2025,12,2025-12,Tuesday,False,83.17,3305.37,385.4,0.116598141811658,599.41,3177.37,False,False,
TXN0023,2025-12-16,33.82,CNY,Shopping,Clothing,Uniqlo,Card,Non-essential,On Campus,,,2025,12,2025-12,Tuesday,False,33.82,3305.37,1787.13,0.5406747202279927,599.41,3211.1899999999996,False,False,
TXN0108,2025-12-17,22.38,CNY,Food & Beverage,Coffee,Campus Cafe,Card,Non-essential,Off Campus,,,2025,12,2025-12,Wednesday,False,22.38,3305.37,364.01,0.11012685417971362,599.41,3224.86,False,False,
TXN0126,2025-12-18,91.15,CNY,Shopping,Clothing,Muji,E-wallet,Non-essential,On Campus,,,2025,12,2025-12,Thursday,False,91.15,3305.37,1787.13,0.5406747202279927,599.41,3276.14,False,False,
TXN0113,2025-12-19,33.66,CNY,Shopping,Clothing,Shopee,E-wallet,Non-essential,Off Campus,,,2025,12,2025-12,Friday,False,33.66,3305.37,1787.13,0.5406747202279927,599.41,3280.33,False,False,
TXN0104,2025-12-19,25.59,CNY,Food & Beverage,Coffee,Campus Cafe,Card,Non-essential,Online,,,2025,12,2025-12,Friday,False,25.59,3305.37,364.01,0.11012685417971362,599.41,3305.92,False,False,
TXN0339,2025-12-20,47.68,CNY,Food & Beverage,Coffee,Mixue,Card,Non-essential,Off Campus,,,2025,12,2025-12,Saturday,True,47.68,3305.37,364.01,0.11012685417971362,599.41,3143.4199999999996,False,False,
TXN0511,2025-12-20,15.03,CNY,Food & Beverage,Coffee,Mcdonalds,Card,Non-essential,On Campus,,,2025,12,2025-12,Saturday,True,15.03,3305.37,364.01,0.11012685417971362,599.41,3158.45,False,False,
TXN0056,2025-12-21,72.15,CNY,Groceries,Supermarket,Jaya Grocer,Card,Necessary,Off Campus,,,2025,12,2025-12,Sunday,True,72.15,3305.37,385.4,0.116598141811658,599.41,3047.61,False,False,
TXN0224,2025-12-22,7.2,CNY,Transport,Ride,Tng Reload,Card,Necessary,Off Campus,,,2025,12,2025-12,Monday,False,7.2,3305.37,168.48,0.05097160075876528,640.12,2847.35,False,False,
TXN0200,2025-12-22,35.19,CNY,Transport,Ride,Rapidkl,E-wallet,Necessary,On Campus,,,2025,12,2025-12,Monday,False,35.19,3305.37,168.48,0.05097160075876528,640.12,2882.54,False,False,
TXN0416,2025-12-23,46.09,CNY,Shopping,Clothing,Shopee,E-wallet,Non-essential,Online,,,2025,12,2025-12,Tuesday,False,46.09,3305.37,1787.13,0.5406747202279927,640.12,2893.81,False,False,
TXN0327,2025-12-24,158.24,CNY,Shopping,Clothing,Apple Reseller,Card,Non-essential,Off Campus,,,2025,12,2025-12,Wednesday,False,158.24,3305.37,1787.13,0.5406747202279927,640.12,3000.64,True,False,
TXN0001,2025-12-25,59.42,CNY,Entertainment,Movie,Tgv,Cash,Non-essential,Online,,,2025,12,2025-12,Thursday,False,59.42,3305.37,173.73,0.052559925212608584,640.12,3027.58,False,False,
TXN0361,2025-12-26,70.05,CNY,Bills,Phone,Celcomdigi,E-wallet,Necessary,Online,,,2025,12,2025-12,Friday,False,70.05,3305.37,328.99,0.09953197372760085,640.12,2857.46,False,False,
TXN0078,2025-12-26,45.91,CNY,Groceries,Supermarket,Jaya Grocer,E-wallet,Necessary,On Campus,,,2025,12,2025-12,Friday,False,45.91,3305.37,385.4,0.116598141811658,640.12,2903.37,False,False,
TXN0314,2025-12-27,162.11,CNY,Shopping,Clothing,Shopee,Cash,Non-essential,On Campus,,,2025,12,2025-12,Saturday,True,162.11,3305.37,1787.13,0.5406747202279927,640.12,2997.0,True,False,
TXN0350,2025-12-27,22.66,CNY,Transport,Ride,Mrt,Card,Necessary,On Campus,,,2025,12,2025-12,Saturday,True,22.66,3305.37,168.48,0.05097160075876528,640.12,3019.66,False,False,
TXN0042,2025-12-28,33.25,CNY,Food & Beverage,Coffee,Mixue,Cash,Non-essential,On Campus,,,2025,12,2025-12,Sunday,True,33.25,3305.37,364.01,0.11012685417971362,640.12,2987.94,False,False,
TXN0029,2025-12-30,29.81,CNY,Food & Beverage,Coffee,Campus Cafe,E-wallet,Non-essential,Online,,,2025,12,2025-12,Tuesday,False,29.81,3305.37,364.01,0.11012685417971362,455.93,2914.09,False,False,
TXN0291,2025-12-31,215.63,CNY,Shopping,Clothing,Uniqlo,Card,Non-essential,Online,,,2025,12,2025-12,Wednesday,False,215.63,3305.37,1787.13,0.5406747202279927,455.93,3129.7200000000003,True,False,
TXN0059,2025-12-31,59.25,CNY,Education,Books,Udemy,Card,Necessary,Online,,,2025,12,2025-12,Wednesday,False,59.25,3305.37,59.25,0.017925375979088574,455.93,3188.9700000000003,False,False,
TXN0333,2025-12-31,75.74,CNY,Groceries,Supermarket,Lotus,Card,Necessary,Online,,,2025,12,2025-12,Wednesday,False,75.74,3305.37,385.4,0.116598141811658,455.93,3264.71,False,False,
TXN0397,2025-12-31,40.66,CNY,Food & Beverage,Coffee,Foodpanda,E-wallet,Non-essential,On Campus,,,2025,12,2025-12,Wednesday,False,40.66,3305.37,364.01,0.11012685417971362,455.93,3305.3700000000003,False,False,
TXN0268,2026-01-01,12.01,CNY,Food & Beverage,Coffee,Campus Cafe,Cash,Non-essential,Off Campus,,,2026,1,2026-01,Thursday,False,12.01,2094.82,249.06,0.1188932700661632,455.93,2623.86,False,False,
TXN0467,2026-01-03,22.83,CNY,Groceries,Supermarket,Aeon,Cash,Necessary,Off Campus,,,2026,1,2026-01,Saturday,True,22.83,2094.82,423.43,0.20213192541602618,455.93,2567.52,False,False,
TXN0098,2026-01-06,22.8,CNY,Food & Beverage,Coffee,Campus Cafe,Card,Non-essential,On Campus,,,2026,1,2026-01,Tuesday,False,22.8,2094.82,249.06,0.1188932700661632,250.92,2111.08,False,False,
TXN0367,2026-01-07,15.35,CNY,Transport,Ride,Rapidkl,Cash,Necessary,Off Campus,,,2026,1,2026-01,Wednesday,False,15.35,2094.82,135.93,0.06488863004935985,250.92,2097.31,False,False,
TXN0508,2026-01-08,7.78,CNY,Transport,Ride,Mrt,E-wallet,Necessary,Online,,,2026,1,2026-01,Thursday,False,7.78,2094.82,135.93,0.06488863004935985,250.92,2105.09,False,False,
TXN0445,2026-01-08,24.29,CNY,Food & Beverage,Coffee,Mixue,Cash,Non-essential,Off Campus,,,2026,1,2026-01,Thursday,False,24.29,2094.82,249.06,0.1188932700661632,250.92,2129.38,False,False,
TXN0462,2026-01-08,12.84,CNY,Entertainment,Movie,Netflix,Card,Non-essential,Off Campus,,,2026,1,2026-01,Thursday,False,12.84,2094.82,76.94,0.03672869268003933,250.92,2142.2200000000003,False,False,
TXN0062,2026-01-09,8.7,CNY,Food & Beverage,Coffee,Campus Cafe,E-wallet,Non-essential,On Campus,,,2026,1,2026-01,Friday,False,8.7,2094.82,249.06,0.1188932700661632,250.92,2084.39,False,False,
TXN0470,2026-01-10,9.72,CNY,Food & Beverage,Coffee,Mcdonalds,Card,Non-essential,On Campus,,,2026,1,2026-01,Saturday,True,9.72,2094.82,249.06,0.1188932700661632,250.92,1866.5600000000002,False,False,
TXN0283,2026-01-11,13.73,CNY,Transport,Ride,Rapidkl,E-wallet,Necessary,Online,,,2026,1,2026-01,Sunday,True,13.73,2094.82,135.93,0.06488863004935985,250.92,1852.4,False,False,
TXN0020,2026-01-11,101.49,CNY,Shopping,Clothing,Apple Reseller,Cash,Non-essential,Online,,,2026,1,2026-01,Sunday,True,101.49,2094.82,615.0,0.2935813100886949,250.92,1953.89,False,False,
TXN0124,2026-01-11,18.52,CNY,Transport,Ride,Rapidkl,Cash,Necessary,On Campus,,,2026,1,2026-01,Sunday,True,18.52,2094.82,135.93,0.06488863004935985,250.92,1972.41,False,False,
TXN0199,2026-01-11,15.7,CNY,Transport,Ride,Grab,Card,Necessary,Off Campus,,,2026,1,2026-01,Sunday,True,15.7,2094.82,135.93,0.06488863004935985,250.92,1988.11,False,False,
TXN0110,2026-01-12,38.42,CNY,Transport,Ride,Tng Reload,E-wallet,Necessary,Online,,,2026,1,2026-01,Monday,False,38.42,2094.82,135.93,0.06488863004935985,344.94,2019.96,False,False,
TXN0021,2026-01-12,26.43,CNY,Transport,Ride,Grab,Card,Necessary,Online,,,2026,1,2026-01,Monday,False,26.43,2094.82,135.93,0.06488863004935985,344.94,2046.39,False,False,
TXN0352,2026-01-15,112.83,CNY,Groceries,Supermarket,Aeon,E-wallet,Necessary,On Campus,,,2026,1,2026-01,Thursday,False,112.83,2094.82,423.43,0.20213192541602618,344.94,1832.29,False,False,
TXN0153,2026-01-17,167.26,CNY,Shopping,Clothing,Apple Reseller,Cash,Non-essential,Online,,,2026,1,2026-01,Saturday,True,167.26,2094.82,615.0,0.2935813100886949,344.94,1886.02,True,False,
TXN0414,2026-01-20,229.1,CNY,Shopping,Clothing,Muji,Cash,Non-essential,Off Campus,,,2026,1,2026-01,Tuesday,False,229.1,2094.82,615.0,0.2935813100886949,671.75,1921.0099999999998,True,False,
TXN0163,2026-01-21,123.03,CNY,Education,Books,Bookxcess,E-wallet,Necessary,On Campus,,,2026,1,2026-01,Wednesday,False,123.03,2094.82,227.03,0.10837685338119742,671.75,2001.65,False,False,
TXN0512,2026-01-22,40.79,CNY,Bills,Phone,Maxis,Cash,Necessary,Off Campus,,,2026,1,2026-01,Thursday,False,40.79,2094.82,349.54,0.16685920508683322,671.75,1996.35,False,False,
TXN0247,2026-01-22,22.65,CNY,Food & Beverage,Coffee,Foodpanda,Card,Non-essential,Off Campus,,,2026,1,2026-01,Thursday,False,22.65,2094.82,249.06,0.1188932700661632,671.75,2018.9999999999998,False,False,
TXN0336,2026-01-23,104.0,CNY,Education,Books,Udemy,Card,Necessary,Off Campus,,,2026,1,2026-01,Friday,False,104.0,2094.82,227.03,0.10837685338119742,671.75,1964.7599999999998,False,False,
TXN0082,2026-01-24,17.89,CNY,Health,Clinic,Campus Clinic,E-wallet,Necessary,On Campus,,,2026,1,2026-01,Saturday,True,17.89,2094.82,17.89,0.008540113231685777,671.75,1923.23,False,False,
TXN0516,2026-01-24,64.1,CNY,Entertainment,Movie,Spotify,E-wallet,Non-essential,On Campus,,,2026,1,2026-01,Saturday,True,64.1,2094.82,76.94,0.03672869268003933,671.75,1987.33,False,False,
TXN0035,2026-01-24,41.37,CNY,Food & Beverage,Coffee,Campus Cafe,Card,Non-essential,On Campus,,,2026,1,2026-01,Saturday,True,41.37,2094.82,249.06,0.1188932700661632,671.75,2028.7,False,False,
TXN0118,2026-01-25,28.82,CNY,Shopping,Clothing,Uniqlo,Card,Non-essential,Off Campus,,,2026,1,2026-01,Sunday,True,28.82,2094.82,615.0,0.2935813100886949,671.75,1941.56,False,False,
TXN0193,2026-01-26,136.7,CNY,Bills,Phone,Maxis,E-wallet,Necessary,Off Campus,,,2026,1,2026-01,Monday,False,136.7,2094.82,349.54,0.16685920508683322,1051.22,1893.49,False,False,
TXN0158,2026-01-26,33.7,CNY,Food & Beverage,Coffee,Campus Cafe,E-wallet,Non-essential,On Campus,,,2026,1,2026-01,Monday,False,33.7,2094.82,249.06,0.1188932700661632,1051.22,1927.19,False,False,
TXN0276,2026-01-27,88.33,CNY,Shopping,Clothing,Uniqlo,Cash,Non-essential,Online,,,2026,1,2026-01,Tuesday,False,88.33,2094.82,615.0,0.2935813100886949,1051.22,1982.27,False,False,
TXN0484,2026-01-27,44.42,CNY,Groceries,Supermarket,Aeon,E-wallet,Necessary,Off Campus,,,2026,1,2026-01,Tuesday,False,44.42,2094.82,423.43,0.20213192541602618,1051.22,2026.69,False,False,
TXN0455,2026-01-28,7.08,CNY,Food & Beverage,Coffee,Foodpanda,E-wallet,Non-essential,Online,,,2026,1,2026-01,Wednesday,False,7.08,2094.82,249.06,0.1188932700661632,1051.22,2033.77,False,False,
TXN0048,2026-01-28,114.49,CNY,Groceries,Supermarket,Lotus,Card,Necessary,On Campus,,,2026,1,2026-01,Wednesday,False,114.49,2094.82,423.43,0.20213192541602618,1051.22,2148.2599999999998,False,False,
TXN0344,2026-01-29,20.28,CNY,Food & Beverage,Coffee,Mixue,Card,Non-essential,Online,,,2026,1,2026-01,Thursday,False,20.28,2094.82,249.06,0.1188932700661632,1051.22,2138.73,False,False,
TXN0315,2026-01-29,172.05,CNY,Bills,Phone,Maxis,Cash,Necessary,Off Campus,,,2026,1,2026-01,Thursday,False,172.05,2094.82,349.54,0.16685920508683322,1051.22,2310.78,True,False,
TXN0210,2026-01-29,9.08,CNY,Food & Beverage,Coffee,Mixue,Card,Non-essential,Off Campus,,,2026,1,2026-01,Thursday,False,9.08,2094.82,249.06,0.1188932700661632,1051.22,2319.86,False,False,
TXN0393,2026-01-30,7.36,CNY,Food & Beverage,Coffee,Mcdonalds,Card,Non-essential,On Campus,,,2026,1,2026-01,Friday,False,7.36,2094.82,249.06,0.1188932700661632,1051.22,1935.94,False,False,
TXN0187,2026-01-30,128.86,CNY,Groceries,Supermarket,Aeon,Card,Necessary,Off Campus,,,2026,1,2026-01,Friday,False,128.86,2094.82,423.43,0.20213192541602618,1051.22,2064.8,False,False,
TXN0506,2026-01-31,11.2,CNY,Food & Beverage,Coffee,Mixue,Cash,Non-essential,Off Campus,,,2026,1,2026-01,Saturday,True,11.2,2094.82,249.06,0.1188932700661632,1051.22,2063.99,False,False,
TXN0230,2026-01-31,18.82,CNY,Food & Beverage,Coffee,Mcdonalds,E-wallet,Non-essential,Off Campus,,,2026,1,2026-01,Saturday,True,18.82,2094.82,249.06,0.1188932700661632,1051.22,2082.81,False,False,
TXN0395,2026-02-01,20.46,CNY,Transport,Ride,Rapidkl,Card,Necessary,Off Campus,,,2026,2,2026-02,Sunday,True,20.46,3715.95,147.1,0.039586108532138495,1051.22,2103.27,False,False,
TXN0465,2026-02-01,215.62,CNY,Shopping,Clothing,Apple Reseller,Cash,Non-essential,On Campus,,,2026,2,2026-02,Sunday,True,215.62,3715.95,1736.28,0.46725063577281717,1051.22,2318.89,True,False,
TXN0420,2026-02-01,22.77,CNY,Food & Beverage,Coffee,Campus Cafe,Card,Non-essential,Online,,,2026,2,2026-02,Sunday,True,22.77,3715.95,508.26,0.13677794372905988,1051.22,2341.66,False,False,
TXN0119,2026-02-02,27.49,CNY,Food & Beverage,Coffee,Mixue,Card,Non-essential,Online,,,2026,2,2026-02,Monday,False,27.49,3715.95,508.26,0.13677794372905988,364.72,2346.3199999999997,False,False,
TXN0431,2026-02-03,110.51,CNY,Shopping,Clothing,Shopee,Card,Non-essential,Off Campus,,,2026,2,2026-02,Tuesday,False,110.51,3715.95,1736.28,0.46725063577281717,364.72,2456.83,False,False,
TXN0442,2026-02-04,26.21,CNY,Food & Beverage,Coffee,Starbucks,E-wallet,Non-essential,Online,,,2026,2,2026-02,Wednesday,False,26.21,3715.95,508.26,0.13677794372905988,364.72,2483.04,False,False,
TXN0513,2026-02-04,35.55,CNY,Food & Beverage,Coffee,Mixue,Card,Non-essential,Off Campus,,,2026,2,2026-02,Wednesday,False,35.55,3715.95,508.26,0.13677794372905988,364.72,2518.59,False,False,
TXN0080,2026-02-06,22.14,CNY,Food & Beverage,Coffee,Starbucks,E-wallet,Non-essential,Off Campus,,,2026,2,2026-02,Friday,False,22.14,3715.95,508.26,0.13677794372905988,364.72,2502.58,False,False,
TXN0273,2026-02-06,131.07,CNY,Bills,Phone,Unifi,E-wallet,Necessary,Online,,,2026,2,2026-02,Friday,False,131.07,3715.95,517.47,0.13925644855285998,364.72,2633.6499999999996,False,False,
TXN0038,2026-02-08,11.75,CNY,Food & Beverage,Coffee,Starbucks,E-wallet,Non-essential,On Campus,,,2026,2,2026-02,Sunday,True,11.75,3715.95,508.26,0.13677794372905988,364.72,2591.79,False,False,
TXN0192,2026-02-09,10.44,CNY,Food & Beverage,Coffee,Foodpanda,Card,Non-essential,Off Campus,,,2026,2,2026-02,Monday,False,10.44,3715.95,508.26,0.13677794372905988,1073.89,2592.5099999999998,False,False,
TXN0006,2026-02-09,29.83,CNY,Food & Beverage,Coffee,Campus Cafe,E-wallet,Non-essential,On Campus,,,2026,2,2026-02,Monday,False,29.83,3715.95,508.26,0.13677794372905988,1073.89,2622.3399999999997,False,False,
TXN0457,2026-02-09,67.11,CNY,Groceries,Supermarket,Aeon,Cash,Necessary,On Campus,,,2026,2,2026-02,Monday,False,67.11,3715.95,546.71,0.14712523042559777,1073.89,2689.45,False,False,
TXN0003,2026-02-10,99.3,CNY,Bills,Phone,Unifi,Card,Necessary,Off Campus,,,2026,2,2026-02,Tuesday,False,99.3,3715.95,517.47,0.13925644855285998,1073.89,2639.31,False,False,
TXN0451,2026-02-10,17.95,CNY,Food & Beverage,Coffee,Starbucks,E-wallet,Non-essential,Off Campus,,,2026,2,2026-02,Tuesday,False,17.95,3715.95,508.26,0.13677794372905988,1073.89,2657.2599999999998,False,False,
TXN0306,2026-02-10,142.99,CNY,Bills,Phone,Maxis,E-wallet,Necessary,Off Campus,,,2026,2,2026-02,Tuesday,False,142.99,3715.95,517.47,0.13925644855285998,1073.89,2800.25,True,False,
TXN0398,2026-02-11,113.73,CNY,Groceries,Supermarket,Aeon,Card,Necessary,On Campus,,,2026,2,2026-02,Wednesday,False,113.73,3715.95,546.71,0.14712523042559777,1073.89,2849.13,False,False,
TXN0489,2026-02-11,27.48,CNY,Food & Beverage,Coffee,Campus Cafe,Card,Non-essential,Off Campus,,,2026,2,2026-02,Wednesday,False,27.48,3715.95,508.26,0.13677794372905988,1073.89,2876.61,False,False,
TXN0016,2026-02-11,8.88,CNY,Food & Beverage,Coffee,Mcdonalds,E-wallet,Non-essential,Off Campus,,,2026,2,2026-02,Wednesday,False,8.88,3715.95,508.26,0.13677794372905988,1073.89,2885.49,False,False,
TXN0475,2026-02-12,34.37,CNY,Food & Beverage,Coffee,Campus Cafe,E-wallet,Non-essential,Off Campus,,,2026,2,2026-02,Thursday,False,34.37,3715.95,508.26,0.13677794372905988,1073.89,2919.86,False,False,
TXN0518,2026-02-12,13.44,CNY,Food & Beverage,Coffee,Mcdonalds,Cash,Non-essential,Online,,,2026,2,2026-02,Thursday,False,13.44,3715.95,508.26,0.13677794372905988,1073.89,2933.2999999999997,False,False,
TXN0286,2026-02-13,20.07,CNY,Transport,Ride,Rapidkl,Card,Necessary,Off Campus,,,2026,2,2026-02,Friday,False,20.07,3715.95,147.1,0.039586108532138495,1073.89,2953.37,False,False,
TXN0182,2026-02-14,297.2,CNY,Shopping,Clothing,Apple Reseller,Card,Non-essential,On Campus,,,2026,2,2026-02,Saturday,True,297.2,3715.95,1736.28,0.46725063577281717,1073.89,3137.74,True,False,
TXN0412,2026-02-14,22.02,CNY,Health,Clinic,Campus Clinic,Card,Necessary,On Campus,,,2026,2,2026-02,Saturday,True,22.02,3715.95,153.52,0.041313795933745075,1073.89,3159.76,False,False,
TXN0130,2026-02-14,99.98,CNY,Health,Clinic,Watsons,E-wallet,Necessary,Online,,,2026,2,2026-02,Saturday,True,99.98,3715.95,153.52,0.041313795933745075,1073.89,3259.74,False,False,
TXN0013,2026-02-15,69.1,CNY,Groceries,Supermarket,Lotus,Card,Necessary,Off Campus,,,2026,2,2026-02,Sunday,True,69.1,3715.95,546.71,0.14712523042559777,1073.89,3328.84,False,False,
TXN0183,2026-02-16,28.39,CNY,Transport,Ride,Grab,Card,Necessary,Online,,,2026,2,2026-02,Monday,False,28.39,3715.95,147.1,0.039586108532138495,1372.53,3189.97,False,False,
TXN0202,2026-02-16,37.96,CNY,Food & Beverage,Coffee,Starbucks,Card,Non-essential,On Campus,,,2026,2,2026-02,Monday,False,37.96,3715.95,508.26,0.13677794372905988,1372.53,3227.93,False,False,
TXN0447,2026-02-16,53.22,CNY,Entertainment,Movie,Steam,Cash,Non-essential,On Campus,,,2026,2,2026-02,Monday,False,53.22,3715.95,106.61,0.028689837053781673,1372.53,3281.1499999999996,False,False,
TXN0389,2026-02-16,108.55,CNY,Groceries,Supermarket,Aeon,E-wallet,Necessary,Online,,,2026,2,2026-02,Monday,False,108.55,3715.95,546.71,0.14712523042559777,1372.53,3389.7,False,False,
TXN_OUTLIER_05,2026-02-17,610.0,CNY,Shopping,Clothing,Apple Reseller,Card,Non-essential,Online,Tablet purchase,Outlier,2026,2,2026-02,Tuesday,False,610.0,3715.95,1736.28,0.46725063577281717,1372.53,3999.7,True,True,Transaction is outside the usual Shopping spending range based on IQR.
TXN0453,2026-02-17,53.39,CNY,Entertainment,Movie,Spotify,E-wallet,Non-essential,Off Campus,,,2026,2,2026-02,Tuesday,False,53.39,3715.95,106.61,0.028689837053781673,1372.53,4053.0899999999997,False,False,
TXN0491,2026-02-17,18.59,CNY,Food & Beverage,Coffee,Foodpanda,E-wallet,Non-essential,Off Campus,,,2026,2,2026-02,Tuesday,False,18.59,3715.95,508.26,0.13677794372905988,1372.53,4071.68,False,False,
TXN0116,2026-02-17,9.04,CNY,Transport,Ride,Tng Reload,E-wallet,Necessary,Off Campus,,,2026,2,2026-02,Tuesday,False,9.04,3715.95,147.1,0.039586108532138495,1372.53,4080.72,False,False,
TXN0191,2026-02-18,33.54,CNY,Food & Beverage,Coffee,Starbucks,Card,Non-essential,Off Campus,,,2026,2,2026-02,Wednesday,False,33.54,3715.95,508.26,0.13677794372905988,1372.53,4114.26,False,False,
TXN0032,2026-02-20,127.52,CNY,Groceries,Supermarket,Jaya Grocer,Card,Necessary,On Campus,,,2026,2,2026-02,Friday,False,127.52,3715.95,546.71,0.14712523042559777,1372.53,3889.65,False,False,
TXN0370,2026-02-20,17.03,CNY,Food & Beverage,Coffee,Campus Cafe,Card,Non-essential,On Campus,,,2026,2,2026-02,Friday,False,17.03,3715.95,508.26,0.13677794372905988,1372.53,3906.6800000000003,False,False,
TXN0197,2026-02-21,275.3,CNY,Shopping,Clothing,Shopee,E-wallet,Non-essential,Online,,,2026,2,2026-02,Saturday,True,275.3,3715.95,1736.28,0.46725063577281717,1372.53,4118.54,True,False,
TXN0180,2026-02-23,42.27,CNY,Bills,Phone,Unifi,Card,Necessary,Online,,,2026,2,2026-02,Monday,False,42.27,3715.95,517.47,0.13925644855285998,740.42,3933.45,False,False,
TXN0214,2026-02-24,22.13,CNY,Food & Beverage,Coffee,Mcdonalds,E-wallet,Non-essential,Off Campus,,,2026,2,2026-02,Tuesday,False,22.13,3715.95,508.26,0.13677794372905988,740.42,3926.7599999999998,False,False,
TXN0004,2026-02-25,26.21,CNY,Food & Beverage,Coffee,Foodpanda,E-wallet,Non-essential,Off Campus,,,2026,2,2026-02,Wednesday,False,26.21,3715.95,508.26,0.13677794372905988,740.42,3782.57,False,False,
TXN0145,2026-02-25,17.09,CNY,Food & Beverage,Coffee,Starbucks,Cash,Non-essential,On Campus,,,2026,2,2026-02,Wednesday,False,17.09,3715.95,508.26,0.13677794372905988,740.42,3799.6600000000003,False,False,
TXN0096,2026-02-26,60.7,CNY,Groceries,Supermarket,Aeon,E-wallet,Necessary,Online,,,2026,2,2026-02,Thursday,False,60.7,3715.95,546.71,0.14712523042559777,740.42,3727.61,False,False,
TXN0481,2026-02-26,227.65,CNY,Shopping,Clothing,Apple Reseller,Card,Non-essential,Online,,,2026,2,2026-02,Thursday,False,227.65,3715.95,1736.28,0.46725063577281717,740.42,3955.26,True,False,
TXN0421,2026-02-26,31.52,CNY,Health,Clinic,Guardian,Card,Necessary,On Campus,,,2026,2,2026-02,Thursday,False,31.52,3715.95,153.52,0.041313795933745075,740.42,3986.78,False,False,
TXN0258,2026-02-27,23.46,CNY,Food & Beverage,Coffee,Foodpanda,Card,Non-essential,Online,,,2026,2,2026-02,Friday,False,23.46,3715.95,508.26,0.13677794372905988,740.42,3888.67,False,False,
TXN0051,2026-02-27,37.38,CNY,Transport,Ride,Rapidkl,E-wallet,Necessary,On Campus,,,2026,2,2026-02,Friday,False,37.38,3715.95,147.1,0.039586108532138495,740.42,3926.05,False,False,
TXN0450,2026-02-27,31.76,CNY,Transport,Ride,Tng Reload,Card,Necessary,Off Campus,,,2026,2,2026-02,Friday,False,31.76,3715.95,147.1,0.039586108532138495,740.42,3957.81,False,False,
TXN0321,2026-02-27,8.88,CNY,Food & Beverage,Coffee,Starbucks,Cash,Non-essential,On Campus,,,2026,2,2026-02,Friday,False,8.88,3715.95,508.26,0.13677794372905988,740.42,3966.69,False,False,
TXN0285,2026-02-28,101.84,CNY,Bills,Phone,Tnb,Cash,Necessary,On Campus,,,2026,2,2026-02,Saturday,True,101.84,3715.95,517.47,0.13925644855285998,740.42,3867.1200000000003,False,False,
TXN0515,2026-02-28,15.07,CNY,Food & Beverage,Coffee,Foodpanda,Card,Non-essential,Off Campus,,,2026,2,2026-02,Saturday,True,15.07,3715.95,508.26,0.13677794372905988,740.42,3882.19,False,False,
TXN0261,2026-03-01,33.63,CNY,Education,Books,Campus Print,Card,Necessary,Online,,,2026,3,2026-03,Sunday,True,33.63,2066.17,160.95,0.07789775284705518,740.42,3779.6,False,False,
TXN0371,2026-03-01,60.83,CNY,Entertainment,Movie,Spotify,E-wallet,Non-essential,On Campus,,,2026,3,2026-03,Sunday,True,60.83,2066.17,162.77,0.07877860969813712,740.42,3840.43,False,False,
TXN0502,2026-03-02,132.75,CNY,Bills,Phone,Unifi,Card,Necessary,Off Campus,,,2026,3,2026-03,Monday,False,132.75,2066.17,339.61,0.16436692043733092,461.35,3943.16,False,False,
TXN0103,2026-03-03,26.77,CNY,Food & Beverage,Coffee,Foodpanda,E-wallet,Non-essential,Online,,,2026,3,2026-03,Tuesday,False,26.77,2066.17,388.71,0.18813069592531106,461.35,3711.08,False,False,
TXN0179,2026-03-03,29.73,CNY,Food & Beverage,Coffee,Foodpanda,Card,Non-essential,On Campus,,,2026,3,2026-03,Tuesday,False,29.73,2066.17,388.71,0.18813069592531106,461.35,3740.81,False,False,
TXN0500,2026-03-05,24.69,CNY,Entertainment,Movie,Netflix,Card,Non-essential,On Campus,,,2026,3,2026-03,Thursday,False,24.69,2066.17,162.77,0.07877860969813712,461.35,3627.5,False,False,
TXN0239,2026-03-06,96.85,CNY,Education,Books,Campus Print,Cash,Necessary,On Campus,,,2026,3,2026-03,Friday,False,96.85,2066.17,160.95,0.07789775284705518,461.35,3662.5899999999997,False,False,
TXN0362,2026-03-07,43.23,CNY,Food & Beverage,Coffee,Starbucks,Card,Non-essential,On Campus,,,2026,3,2026-03,Saturday,True,43.23,2066.17,388.71,0.18813069592531106,461.35,3705.8199999999997,False,False,
TXN0106,2026-03-07,107.33,CNY,Bills,Phone,Celcomdigi,Card,Necessary,On Campus,,,2026,3,2026-03,Saturday,True,107.33,2066.17,339.61,0.16436692043733092,461.35,3813.1499999999996,False,False,
TXN0378,2026-03-10,41.13,CNY,Transport,Ride,Rapidkl,Card,Necessary,On Campus,,,2026,3,2026-03,Tuesday,False,41.13,2066.17,131.16,0.06347977175159836,442.25,3689.32,False,False,
TXN0002,2026-03-10,54.23,CNY,Shopping,Clothing,Muji,Card,Non-essential,Off Campus,,,2026,3,2026-03,Tuesday,False,54.23,2066.17,665.99,0.32233068914948915,442.25,3743.55,False,False,
TXN0363,2026-03-10,136.17,CNY,Shopping,Clothing,Shopee,E-wallet,Non-essential,On Campus,,,2026,3,2026-03,Tuesday,False,136.17,2066.17,665.99,0.32233068914948915,442.25,3879.7200000000003,False,False,
TXN0139,2026-03-12,6.75,CNY,Transport,Ride,Mrt,Cash,Necessary,Online,,,2026,3,2026-03,Thursday,False,6.75,2066.17,131.16,0.06347977175159836,442.25,3518.85,False,False,
TXN0234,2026-03-13,39.29,CNY,Transport,Ride,Tng Reload,E-wallet,Necessary,Off Campus,,,2026,3,2026-03,Friday,False,39.29,2066.17,131.16,0.06347977175159836,442.25,3408.05,False,False,
TXN0471,2026-03-13,21.69,CNY,Transport,Ride,Rapidkl,Card,Necessary,Online,,,2026,3,2026-03,Friday,False,21.69,2066.17,131.16,0.06347977175159836,442.25,3429.7400000000002,False,False,
TXN0252,2026-03-15,43.46,CNY,Food & Beverage,Coffee,Mcdonalds,E-wallet,Non-essential,On Campus,,,2026,3,2026-03,Sunday,True,43.46,2066.17,388.71,0.18813069592531106,442.25,3405.32,False,False,
TXN0255,2026-03-15,99.53,CNY,Bills,Phone,Unifi,Cash,Necessary,Online,,,2026,3,2026-03,Sunday,True,99.53,2066.17,339.61,0.16436692043733092,442.25,3504.85,False,False,
TXN0408,2026-03-16,25.09,CNY,Groceries,Supermarket,Lotus,Card,Necessary,On Campus,,,2026,3,2026-03,Monday,False,25.09,2066.17,216.98,0.10501556019107819,564.38,3110.74,False,False,
TXN0174,2026-03-16,36.08,CNY,Food & Beverage,Coffee,Mcdonalds,E-wallet,Non-essential,Online,,,2026,3,2026-03,Monday,False,36.08,2066.17,388.71,0.18813069592531106,564.38,3146.8199999999997,False,False,
TXN0478,2026-03-17,83.56,CNY,Groceries,Supermarket,Tesco,Card,Necessary,On Campus,,,2026,3,2026-03,Tuesday,False,83.56,2066.17,216.98,0.10501556019107819,564.38,3161.2799999999997,False,False,
TXN0443,2026-03-17,188.56,CNY,Shopping,Clothing,Muji,E-wallet,Non-essential,Off Campus,,,2026,3,2026-03,Tuesday,False,188.56,2066.17,665.99,0.32233068914948915,564.38,3349.84,True,False,
TXN0324,2026-03-18,22.3,CNY,Transport,Ride,Mrt,Card,Necessary,Online,,,2026,3,2026-03,Wednesday,False,22.3,2066.17,131.16,0.06347977175159836,564.38,3144.02,False,False,
TXN0377,2026-03-18,20.34,CNY,Food & Beverage,Coffee,Mixue,Card,Non-essential,Online,,,2026,3,2026-03,Wednesday,False,20.34,2066.17,388.71,0.18813069592531106,564.38,3164.36,False,False,
TXN0150,2026-03-18,15.43,CNY,Food & Beverage,Coffee,Mixue,E-wallet,Non-essential,Online,,,2026,3,2026-03,Wednesday,False,15.43,2066.17,388.71,0.18813069592531106,564.38,3179.79,False,False,
TXN0407,2026-03-21,30.47,CNY,Education,Books,Udemy,Card,Necessary,Off Campus,,,2026,3,2026-03,Saturday,True,30.47,2066.17,160.95,0.07789775284705518,564.38,2485.7000000000003,False,False,
TXN0034,2026-03-22,108.33,CNY,Groceries,Supermarket,Lotus,E-wallet,Necessary,Off Campus,,,2026,3,2026-03,Sunday,True,108.33,2066.17,216.98,0.10501556019107819,564.38,2449.48,False,False,
TXN0127,2026-03-22,34.22,CNY,Food & Beverage,Coffee,Foodpanda,Card,Non-essential,Off Campus,,,2026,3,2026-03,Sunday,True,34.22,2066.17,388.71,0.18813069592531106,564.38,2483.7,False,False,
TXN0120,2026-03-23,15.57,CNY,Food & Beverage,Coffee,Campus Cafe,Card,Non-essential,Off Campus,,,2026,3,2026-03,Monday,False,15.57,2066.17,388.71,0.18813069592531106,409.63,2223.9700000000003,False,False,
TXN0402,2026-03-23,60.88,CNY,Shopping,Clothing,Shopee,Cash,Non-essential,Online,,,2026,3,2026-03,Monday,False,60.88,2066.17,665.99,0.32233068914948915,409.63,2284.8500000000004,False,False,
TXN0406,2026-03-24,16.85,CNY,Food & Beverage,Coffee,Starbucks,E-wallet,Non-essential,On Campus,,,2026,3,2026-03,Tuesday,False,16.85,2066.17,388.71,0.18813069592531106,409.63,2301.7000000000003,False,False,
TXN0349,2026-03-24,29.19,CNY,Food & Beverage,Coffee,Mcdonalds,Card,Non-essential,Online,,,2026,3,2026-03,Tuesday,False,29.19,2066.17,388.71,0.18813069592531106,409.63,2330.8900000000003,False,False,
TXN0017,2026-03-25,28.28,CNY,Food & Beverage,Coffee,Mixue,Card,Non-essential,Off Campus,,,2026,3,2026-03,Wednesday,False,28.28,2066.17,388.71,0.18813069592531106,409.63,2316.9,False,False,
TXN0254,2026-03-26,32.71,CNY,Food & Beverage,Coffee,Mcdonalds,Card,Non-essential,Off Campus,,,2026,3,2026-03,Thursday,False,32.71,2066.17,388.71,0.18813069592531106,409.63,2327.48,False,False,
TXN0095,2026-03-26,226.15,CNY,Shopping,Clothing,Uniqlo,Card,Non-essential,On Campus,,,2026,3,2026-03,Thursday,False,226.15,2066.17,665.99,0.32233068914948915,409.63,2553.63,True,False,
TXN0387,2026-03-30,16.85,CNY,Food & Beverage,Coffee,Mcdonalds,Card,Non-essential,On Campus,,,2026,3,2026-03,Monday,False,16.85,2066.17,388.71,0.18813069592531106,449.13,1988.9199999999998,False,False,
TXN0477,2026-03-30,77.25,CNY,Entertainment,Movie,Spotify,Card,Non-essential,Online,,,2026,3,2026-03,Monday,False,77.25,2066.17,162.77,0.07877860969813712,449.13,2066.17,False,False,
TXN0101,2026-04-01,38.56,CNY,Transport,Ride,Grab,Cash,Necessary,On Campus,,,2026,4,2026-04,Wednesday,False,38.56,2173.99,201.72,0.09278791530779809,449.13,1877.52,False,False,
TXN0099,2026-04-01,69.06,CNY,Entertainment,Movie,Spotify,E-wallet,Non-essential,On Campus,,,2026,4,2026-04,Wednesday,False,69.06,2173.99,321.45,0.14786176569349443,449.13,1946.58,False,False,
TXN0334,2026-04-02,13.03,CNY,Transport,Ride,Mrt,Cash,Necessary,On Campus,,,2026,4,2026-04,Thursday,False,13.03,2173.99,201.72,0.09278791530779809,449.13,1903.11,False,False,
TXN0356,2026-04-03,116.84,CNY,Health,Clinic,Guardian,Card,Necessary,On Campus,,,2026,4,2026-04,Friday,False,116.84,2173.99,146.43,0.0673554156182871,449.13,2019.9499999999998,False,False,
TXN0240,2026-04-03,30.26,CNY,Shopping,Clothing,Apple Reseller,E-wallet,Non-essential,Online,,,2026,4,2026-04,Friday,False,30.26,2173.99,366.17,0.1684322374987925,449.13,2050.21,False,False,
TXN0231,2026-04-03,45.91,CNY,Entertainment,Movie,Netflix,Card,Non-essential,Online,,,2026,4,2026-04,Friday,False,45.91,2173.99,321.45,0.14786176569349443,449.13,2096.12,False,False,
TXN0039,2026-04-04,41.37,CNY,Groceries,Supermarket,Aeon,E-wallet,Necessary,Off Campus,,,2026,4,2026-04,Saturday,True,41.37,2173.99,389.43,0.17913145874636036,449.13,2112.7999999999997,False,False,
TXN0204,2026-04-06,72.17,CNY,Entertainment,Movie,Netflix,E-wallet,Non-essential,On Campus,,,2026,4,2026-04,Monday,False,72.17,2173.99,321.45,0.14786176569349443,427.98,1937.56,False,False,
TXN0162,2026-04-07,11.03,CNY,Transport,Ride,Tng Reload,E-wallet,Necessary,On Campus,,,2026,4,2026-04,Tuesday,False,11.03,2173.99,201.72,0.09278791530779809,427.98,1948.59,False,False,
TXN0384,2026-04-07,29.59,CNY,Health,Clinic,Watsons,Card,Necessary,Off Campus,,,2026,4,2026-04,Tuesday,False,29.59,2173.99,146.43,0.0673554156182871,427.98,1978.18,False,False,
TXN0070,2026-04-07,109.3,CNY,Groceries,Supermarket,Jaya Grocer,Card,Necessary,Off Campus,,,2026,4,2026-04,Tuesday,False,109.3,2173.99,389.43,0.17913145874636036,427.98,2087.48,False,False,
TXN0341,2026-04-08,37.52,CNY,Food & Beverage,Coffee,Mixue,E-wallet,Non-essential,Online,,,2026,4,2026-04,Wednesday,False,37.52,2173.99,371.64,0.1709483484284656,427.98,2125.0,False,False,
TXN0399,2026-04-09,139.55,CNY,Bills,Phone,Maxis,Cash,Necessary,Off Campus,,,2026,4,2026-04,Thursday,False,139.55,2173.99,377.15,0.17348285870680177,427.98,2033.02,True,False,
TXN0474,2026-04-10,6.17,CNY,Transport,Ride,Mrt,Cash,Necessary,Off Campus,,,2026,4,2026-04,Friday,False,6.17,2173.99,201.72,0.09278791530779809,427.98,2039.19,False,False,
TXN0087,2026-04-11,22.65,CNY,Food & Beverage,Coffee,Mcdonalds,E-wallet,Non-essential,Off Campus,,,2026,4,2026-04,Saturday,True,22.65,2173.99,371.64,0.1709483484284656,427.98,2055.09,False,False,
TXN0072,2026-04-13,27.96,CNY,Food & Beverage,Coffee,Mixue,Cash,Non-essential,Off Campus,,,2026,4,2026-04,Monday,False,27.96,2173.99,371.64,0.1709483484284656,732.45,2022.07,False,False,
TXN0168,2026-04-13,116.96,CNY,Groceries,Supermarket,Lotus,E-wallet,Necessary,Off Campus,,,2026,4,2026-04,Monday,False,116.96,2173.99,389.43,0.17913145874636036,732.45,2139.03,False,False,
TXN0156,2026-04-16,103.12,CNY,Bills,Phone,Maxis,E-wallet,Necessary,Online,,,2026,4,2026-04,Thursday,False,103.12,2173.99,377.15,0.17348285870680177,732.45,1765.8700000000001,False,False,
TXN0249,2026-04-16,10.17,CNY,Transport,Ride,Mrt,Card,Necessary,On Campus,,,2026,4,2026-04,Thursday,False,10.17,2173.99,201.72,0.09278791530779809,732.45,1776.04,False,False,
TXN0166,2026-04-16,30.47,CNY,Food & Beverage,Coffee,Starbucks,E-wallet,Non-essential,Online,,,2026,4,2026-04,Thursday,False,30.47,2173.99,371.64,0.1709483484284656,732.45,1806.51,False,False,
TXN0069,2026-04-16,20.01,CNY,Food & Beverage,Coffee,Starbucks,Card,Non-essential,Off Campus,,,2026,4,2026-04,Thursday,False,20.01,2173.99,371.64,0.1709483484284656,732.45,1826.52,False,False,
TXN0177,2026-04-16,21.52,CNY,Groceries,Supermarket,Tesco,Cash,Necessary,Online,,,2026,4,2026-04,Thursday,False,21.52,2173.99,389.43,0.17913145874636036,732.45,1848.04,False,False,
TXN0373,2026-04-16,17.44,CNY,Transport,Ride,Mrt,E-wallet,Necessary,On Campus,,,2026,4,2026-04,Thursday,False,17.44,2173.99,201.72,0.09278791530779809,732.45,1865.48,False,False,
TXN0244,2026-04-18,61.81,CNY,Groceries,Supermarket,Jaya Grocer,Cash,Necessary,Online,,,2026,4,2026-04,Saturday,True,61.81,2173.99,389.43,0.17913145874636036,732.45,1869.22,False,False,
TXN0033,2026-04-19,32.7,CNY,Transport,Ride,Tng Reload,E-wallet,Necessary,Online,,,2026,4,2026-04,Sunday,True,32.7,2173.99,201.72,0.09278791530779809,732.45,1901.92,False,False,
TXN0079,2026-04-19,68.39,CNY,Entertainment,Movie,Spotify,E-wallet,Non-essential,On Campus,,,2026,4,2026-04,Sunday,True,68.39,2173.99,321.45,0.14786176569349443,732.45,1970.3100000000002,False,False,
TXN0237,2026-04-19,180.31,CNY,Shopping,Clothing,Shopee,E-wallet,Non-essential,On Campus,,,2026,4,2026-04,Sunday,True,180.31,2173.99,366.17,0.1684322374987925,732.45,2150.62,True,False,
TXN0360,2026-04-19,41.59,CNY,Food & Beverage,Coffee,Campus Cafe,E-wallet,Non-essential,On Campus,,,2026,4,2026-04,Sunday,True,41.59,2173.99,371.64,0.1709483484284656,732.45,2192.21,False,False,
TXN0418,2026-04-20,29.31,CNY,Food & Beverage,Coffee,Campus Cafe,Cash,Non-essential,On Campus,,,2026,4,2026-04,Monday,False,29.31,2173.99,371.64,0.1709483484284656,342.1,2191.0499999999997,False,False,
TXN0440,2026-04-21,22.88,CNY,Food & Beverage,Coffee,Mcdonalds,Cash,Non-essential,Online,,,2026,4,2026-04,Tuesday,False,22.88,2173.99,371.64,0.1709483484284656,342.1,2071.38,False,False,
TXN0232,2026-04-23,26.64,CNY,Transport,Ride,Tng Reload,Cash,Necessary,On Campus,,,2026,4,2026-04,Thursday,False,26.64,2173.99,201.72,0.09278791530779809,342.1,1975.5300000000002,False,False,
TXN0233,2026-04-24,24.86,CNY,Food & Beverage,Coffee,Starbucks,Card,Non-essential,Off Campus,,,2026,4,2026-04,Friday,False,24.86,2173.99,371.64,0.1709483484284656,342.1,1972.1100000000001,False,False,
TXN0246,2026-04-24,34.41,CNY,Transport,Ride,Grab,E-wallet,Necessary,On Campus,,,2026,4,2026-04,Friday,False,34.41,2173.99,201.72,0.09278791530779809,342.1,2006.5200000000002,False,False,
TXN0342,2026-04-25,27.04,CNY,Food & Beverage,Coffee,Starbucks,Card,Non-essential,Off Campus,,,2026,4,2026-04,Saturday,True,27.04,2173.99,371.64,0.1709483484284656,342.1,1774.7,False,False,
TXN0217,2026-04-26,21.36,CNY,Food & Beverage,Coffee,Campus Cafe,E-wallet,Non-essential,Online,,,2026,4,2026-04,Sunday,True,21.36,2173.99,371.64,0.1709483484284656,342.1,1796.06,False,False,
TXN0419,2026-04-26,155.6,CNY,Shopping,Clothing,Apple Reseller,Card,Non-essential,Off Campus,,,2026,4,2026-04,Sunday,True,155.6,2173.99,366.17,0.1684322374987925,342.1,1951.66,True,False,
TXN0287,2026-04-27,65.92,CNY,Entertainment,Movie,Netflix,E-wallet,Non-essential,Online,,,2026,4,2026-04,Monday,False,65.92,2173.99,321.45,0.14786176569349443,316.43,2017.58,False,False,
TXN0499,2026-04-27,38.47,CNY,Groceries,Supermarket,Tesco,E-wallet,Necessary,Off Campus,,,2026,4,2026-04,Monday,False,38.47,2173.99,389.43,0.17913145874636036,316.43,2056.05,False,False,
TXN0340,2026-04-28,64.56,CNY,Bills,Phone,Celcomdigi,Card,Necessary,Online,,,2026,4,2026-04,Tuesday,False,64.56,2173.99,377.15,0.17348285870680177,316.43,2120.61,False,False,
TXN0392,2026-04-28,31.58,CNY,Food & Beverage,Coffee,Campus Cafe,E-wallet,Non-essential,Online,,,2026,4,2026-04,Tuesday,False,31.58,2173.99,371.64,0.1709483484284656,316.43,2152.19,False,False,
TXN0479,2026-04-28,34.41,CNY,Food & Beverage,Coffee,Starbucks,E-wallet,Non-essential,Off Campus,,,2026,4,2026-04,Tuesday,False,34.41,2173.99,371.64,0.1709483484284656,316.43,2186.6,False,False,
TXN0107,2026-04-30,11.57,CNY,Transport,Ride,Tng Reload,Card,Necessary,On Campus,,,2026,4,2026-04,Thursday,False,11.57,2173.99,201.72,0.09278791530779809,316.43,2104.07,False,False,
TXN0076,2026-04-30,69.92,CNY,Bills,Phone,Tnb,Cash,Necessary,Online,,,2026,4,2026-04,Thursday,False,69.92,2173.99,377.15,0.17348285870680177,316.43,2173.9900000000002,False,False,
